nfl_news_id,first_name,last_name,position,team,underdog_id
19430,Max,Bredeson,FB,MIN,
15916,Connor,Heyward,FB,LV,679c6b4c-7792-4375-ad85-4f7490556d0e
13806,Alec,Ingold,FB,LAC,531f52ff-5f9d-41fd-a094-df76ef6db136
8930,Kyle,Juszczyk,FB,SF,f9ab7c50-5ada-4c0f-bb41-2452e8ccec80
17000,Hunter,Luepke,FB,DAL,e3ef1ad8-55f6-4917-b176-3bb475d1b473
19451,Riley,Nowakowski,FB,PIT,
12298,Patrick,Ricard,FB,NYG,8d2e7f39-0543-4c93-bc3b-fe9bd7267ce5
19294,aJafdsaf,afdasfa,QB,,
19285,afdsafsafas,afdsafadfa,QB,,
19286,Drew,Allar,QB,PIT,
12483,Josh,Allen,QB,BUF,99398db6-2ffb-42e9-bdb0-4312a399ab08
12623,Kyle,Allen,QB,BUF,92906449-36b7-4a8a-984e-b371c96739b1
19295,Luke,Altmyer,QB,,
16946,Tyson,Bagent,QB,CHI,df8225e2-d641-4d0b-823f-f9090ea21292
19287,Carson,Beck,QB,ARZ,
16871,Stetson,Bennett,QB,LA,7b6a4f58-122e-45c0-bf23-d862552ba221
9245,Teddy,Bridgewater,QB,DET,d21ffffb-a8ff-4ecf-b2fb-86bc5571e7c4
10919,Jacoby,Brissett,QB,ARZ,505405b8-19e0-4e74-9c0a-c29e5c8ae1bb
18652,Max,Brosmer,QB,MIN,eb7f3504-9d5c-489a-b9c4-9fd4bdbaddb7
13504,Jake,Browning,QB,TB,c69d5b8f-c689-48ec-b36a-f127a261b73d
14442,Joe,Burrow,QB,CIN,a0fa2a74-640b-4cc1-a5d8-841ab9557fe0
9317,Derek,Carr,QB,NO,16b23189-7d4a-48e6-96c3-cf57ccfd2e6f
18482,Brady,Cook,QB,NYJ,
8057,Kirk,Cousins,QB,LV,db99b2e0-ad8a-48a4-96cb-a7d5f4f57661
7355,Andy,Dalton,QB,PHI,40e4454b-82c2-429c-890f-379ff69e48c5
19292,Jalon,Daniels,QB,,
17692,Jayden,Daniels,QB,WAS,efa72299-559b-4b2c-99e2-bf8ade2d28de
12490,Sam,Darnold,QB,SEA,c6c27b0d-56e1-46e1-b6a0-33a47445b3e9
18574,Jaxson,Dart,QB,NYG,f901957e-6443-46ef-a031-d5e2b7cd0edd
16797,Tommy,DeVito,QB,NE,2f27a722-1b5e-4d58-9b04-c677869dc81c
11834,Joshua,Dobbs,QB,,1d88d6df-e227-42a4-8909-7eff2f18214e
18505,Quinn,Ewers,QB,MIA,7f3319ac-32b9-45c4-ac5e-896fb477efcf
15416,Justin,Fields,QB,KC,d91fab35-c660-4340-be36-6300bce92d69
5648,Joe,Flacco,QB,CIN,360552c2-774e-4ebe-8f1c-a33d5bdb3365
18496,Dillon,Gabriel,QB,CLE,76c23746-1006-498f-8195-8fb62e5e6404
9320,Jimmy,Garoppolo,QB,,61ced104-e70b-491f-9210-b9314023d3f6
10729,Jared,Goff,QB,DET,f725a2b2-1843-4ab5-aa2a-bf1380a923e6
19289,Taylen,Green,QB,CLE,
17664,Sam,Hartman,QB,WAS,b658ec81-7749-4bb1-a67c-328ea13dc803
14446,Justin,Herbert,QB,LAC,d78f8b26-1823-4f49-be34-b9eadd252c3c
16905,Hendon,Hooker,QB,TEN,f67a65a6-e2f2-4b9e-86cf-4955407f366b
18512,Will,Howard,QB,PIT,908e1c00-304c-4942-8afb-a850d4179f0c
15825,Sam,Howell,QB,DAL,eb3931e1-de43-45ad-986f-b8222a838fd1
14563,Tyler,Huntley,QB,BAL,37910853-6548-4e29-84ed-c90534a5081b
14416,Jalen,Hurts,QB,PHI,3bbedd10-bec5-49ae-976b-659119ab156c
12561,Lamar,Jackson,QB,BAL,9edce99f-fad8-4de1-9e20-435b3d12c310
5653,Josh,Johnson,QB,CIN,bda0e797-b247-43f5-807b-88a38ca7924c
13491,Daniel,Jones,QB,IND,5f726fce-7288-44e9-b9a0-a2cc3a0ed882
15402,Mac,Jones,QB,SF,dd91cacf-e0a3-4032-9efc-7bc59b150c96
19368,Athan,Kaliakmanis,QB,WAS,
19284,Cade,Klubnik,QB,NYJ,
15198,Trey,Lance,QB,LAC,90472944-f8fb-4ac5-9876-60713fc2fd22
15357,Trevor,Lawrence,QB,JAC,66c1ab28-bbf4-4854-80ff-c4caf765fda8
18513,Riley,Leonard,QB,IND,2f7d2fc9-4748-44e4-836c-034a731998fe
16665,Will,Levis,QB,TEN,6d3577ae-3df6-4361-ac5f-8ef3609a2a03
13736,Drew,Lock,QB,SEA,a5ab3c4d-dbd1-46a3-aafd-fa277c6c528b
14371,Jordan,Love,QB,GB,67f1cafb-112d-4f4b-b491-b51b4ecd162a
11839,Patrick,Mahomes,QB,KC,f1766f00-503b-4b13-a5d1-cd4347423121
10074,Marcus,Mariota,QB,WAS,87ab74dc-271d-47a1-9bce-6a0b05cb07be
17673,Drake,Maye,QB,NE,63ebab10-215c-47fd-8e4a-814afe6e87a5
12619,Baker,Mayfield,QB,TB,4f5a3c90-9e4f-49b7-b126-a99d0eb90286
17689,J.J.,McCarthy,QB,MIN,cc2d5397-aa26-4ca6-956c-7f5816a1671d
18498,Kyle,McCord,QB,GB,ccc6bb24-a809-4722-ad5f-9946dad7d06d
16686,Tanner,McKee,QB,PHI,366a4240-0e93-4773-975f-d9db4fe583f1
19281,Fernando,Mendoza,QB,LV,
15542,Davis,Mills,QB,HOU,233408d7-f785-401a-a86e-9b1961e1b2f0
18477,Jalen,Milroe,QB,SEA,d08ae502-5d51-4e6e-973a-141b41628e46
17830,Joe,Milton,QB,DAL,ad3eff63-980d-4fb9-9260-311480d0d8d0
13741,Gardner,Minshew,QB,ARZ,5fb5d84e-ab97-4048-8347-cb2dbf062e61
19293,Behren,Morton,QB,NE,
19271,Miller,Moss,QB,,
12511,Nick,Mullens,QB,JAC,7e979d70-ba81-4b1f-a558-99da47b4afba
13613,Kyler,Murray,QB,MIN,ede3a669-4285-4d9f-b606-c2fe3979e90b
16995,Bo,Nix,QB,DEN,395374cd-d5aa-4dff-ba55-e5d6921c96b9
19283,Garrett,Nussmeier,QB,KC,
16716,Aidan,O'Connell,QB,LV,51e0ef29-0e21-448e-b1ae-9fbb76222dee
19290,Diego,Pavia,QB,BAL,
19296,Cole,Payton,QB,PHI,
17700,Michael,Penix,QB,ATL,d51c264a-047a-4186-8242-bf22173d7880
15841,Kenny,Pickett,QB,CAR,8e2a76ca-66b4-4b3b-86ca-39d6c16960fa
11008,Dak,Prescott,QB,DAL,59c5f1e3-fccf-4782-b593-98c518e75e3e
15834,Brock,Purdy,QB,SF,3cf29d08-26b6-410a-bd8c-f229a5bae324
17782,Spencer,Rattler,QB,NO,9d89b8c7-f404-415e-b7b6-77f1390184f2
16653,Anthony,Richardson,QB,IND,22b7ee23-cb3a-4d47-af90-a369c693e934
19291,Sawyer,Robertson,QB,,
4307,Aaron,Rodgers,QB,PIT,8dd3a635-e761-4407-8f30-6b5f8a0b4867
12629,Mason,Rudolph,QB,PIT,edc3553b-421d-4ae7-83f0-747bcbe68ea0
11841,Cooper,Rush,QB,,d9e72afb-136d-4ddc-a451-57cb0476d5c7
18479,Shedeur,Sanders,QB,CLE,2475b4f9-d810-400a-b463-41b80c7cbd23
17037,Tyler,Shough,QB,NO,1facaf38-e5d4-4318-b776-0eaf37e95321
19275,Ty,Simpson,QB,LA,
8743,Geno,Smith,QB,NYJ,0c2fb25a-641d-4a25-ab43-3d440da57be3
5971,Matthew,Stafford,QB,LA,36ffcc88-5ca1-4b0e-9f02-028b5ba24be0
13627,Easton,Stick,QB,,f5719285-90d6-491e-9489-4ac0cb164e4b
13438,Jarrett,Stidham,QB,DEN,708cfb6f-53e4-4d32-ab05-0abe667586b2
16886,C.J.,Stroud,QB,HOU,59614625-f243-4cb9-8038-146619f12e70
14465,Tua,Tagovailoa,QB,ATL,d3bfa7f1-2be2-4bbb-8d13-c1a8010eeb9a
7357,Tyrod,Taylor,QB,,74ef2f95-0fc1-4347-b8ee-3c3e59d61a54
15974,Skylar,Thompson,QB,,653b8ff0-6dd9-41a2-9175-0fcba9f06dc0
15335,Kyle,Trask,QB,,a6c845ff-11cf-4bc1-adc6-c898f5ee4a72
11709,Mitchell,Trubisky,QB,TEN,3dcd99af-d7ff-445c-b088-c61faedb6538
16913,Clayton,Tune,QB,,c3059018-0cee-42a7-8ad4-e11aa6c5bfe5
16997,Cam,Ward,QB,TEN,59875f94-9884-4978-a233-7e86d9c5cfd6
11712,Deshaun,Watson,QB,CLE,4520ab4c-d93f-4417-a936-b15379db288b
10856,Carson,Wentz,QB,MIN,831137ad-faf8-4eb4-b010-c54cc7554d71
17695,Caleb,Williams,QB,CHI,c496a8a9-1391-4db5-9089-909053dde90d
15872,Malik,Willis,QB,MIA,83f5497d-fa47-40e5-bb1d-95b79469d112
8043,Russell,Wilson,QB,,bfce6c9e-0e30-4b15-91a8-29e86d072988
15330,Zach,Wilson,QB,NO,88982239-ce37-4c5f-8c28-c347112d670f
10037,Jameis,Winston,QB,NYG,ad13bb4d-2b58-4eb2-b914-c38cebcc21ec
16807,Bryce,Young,QB,CAR,827909b2-9448-4ba0-98e4-f38da30a3806
10126,Ameer,Abdullah,RB,,06571d93-622a-491f-b241-be361cb2e5ff
16661,De'Von,Achane,RB,MIA,33072d1d-45b2-4b52-89ac-67e56923a3cd
14383,Cam,Akers,RB,,5aca3452-c677-4c7b-96dc-36046152cdb8
17026,Rasheen,Ali,RB,BAL,c35b6964-a0c4-48c2-9d0d-24bcc1faf218
17702,Braelon,Allen,RB,NYJ,5abb3ca4-4a11-4f1c-8428-0b48b1b251fd
18533,Kaytron,Allen,RB,WAS,
18476,LeQuint,Allen,RB,JAC,24cb1ed2-c224-4bc8-9514-d9e809ffb803
15976,Tyler,Allgeier,RB,ARZ,c45eb3b7-6eee-4d80-82d6-4aaec07940fc
15893,Tyler,Badie,RB,DEN,76270f2d-4939-47d5-882e-981a5d07f2a7
12507,Saquon,Barkley,RB,PHI,aa48a0ad-1d71-4d09-a86a-1e6e1987d911
17767,Trey,Benson,RB,ARZ,f03c4ce7-ce1d-4ebe-aa83-333226706eca
16705,Tank,Bigsby,RB,PHI,11ad3ad9-0bc5-44a1-9da5-0bebd7b3f841
19607,Kaelon,Black,RB,SF,
18499,Jaydon,Blue,RB,DAL,4f83f1e4-dec6-4a48-8f7f-645cd3aead25
16741,Chris,Brooks,RB,GB,3b52bb3e-e968-4cee-a97d-940152a485c6
17747,Jonathon,Brooks,RB,CAR,5f066072-1fb5-4ff2-9ff7-8a187d37204b
18519,Tahj,Brooks,RB,CIN,97d06b85-f888-4e2b-8c56-ef35e7a58b1c
16934,Chase,Brown,RB,CIN,e8312b02-cf05-4abd-808d-33a115a6b29c
19229,Raleek,Brown,RB,,
15273,Michael,Carter,RB,TEN,82682a2a-6ca8-411c-b723-2aeaaed8787e
15979,Ty,Chandler,RB,NO,71bb8c53-1536-4a76-823a-b397b2b0fd08
16897,Zach,Charbonnet,RB,SEA,099bec12-b139-461d-864a-fb167ed7302b
15921,Julius,Chestnut,RB,TEN,81f2797f-b692-432d-b2e3-a0f897179e54
12886,Nick,Chubb,RB,,6328d647-7cbf-4947-8a78-b7a62284baa3
19234,Demond,Claiborne,RB,MIN,
19241,Jonah,Coleman,RB,DEN,
11691,James,Conner,RB,ARZ,5156f6c4-c6f4-436b-8e99-c9a74919f4d0
19306,Dean,Connors,RB,LA,
15876,James,Cook,RB,BUF,7b434d3b-e0f9-40f1-bedd-51f973c59c5f
17690,Blake,Corum,RB,LA,7a4958a8-b5af-4294-80c2-ab6131d8c29f
18811,Jacory,Croskey-Merritt,RB,WAS,7fb56078-28d6-4b57-bd5a-866abdaed3dc
14410,DeeJay,Dallas,RB,JAC,71693042-40f2-413d-b49d-17d923313d7b
17057,Isaiah,Davis,RB,NYJ,53abb812-7fc9-49d8-b26d-c46d9254e7e0
15828,Malik,Davis,RB,DAL,6cd5bf09-3b66-4640-87e4-e532c0c7b175
17792,Ray,Davis,RB,BUF,dfa3872f-0520-4e6e-bdb2-f5aa262ae1e8
17091,Emari,Demercado,RB,KC,0869b87c-9a45-4bc7-a236-0e3598c32e73
14370,AJ,Dillon,RB,CAR,ac966563-1e1b-40c0-81fb-2d57f58329f0
14418,J.K.,Dobbins,RB,DEN,5c1011d7-af2e-452b-9a72-693329dbcc24
14657,Rico,Dowdle,RB,PIT,92f5879c-865a-45f6-80ad-fb96ff005a28
18444,Donovan,Edwards,RB,MIA,
14514,Clyde,Edwards-Helaire,RB,,cfda7604-30c4-46e2-8e15-0ad49955bdd6
12401,Austin,Ekeler,RB,,7e6000de-0a9b-4d12-862b-5194ce6d526c
17788,Audric,Estime,RB,NO,a19ea407-bcfb-42a4-bf8d-29742ea85241
15385,Travis,Etienne,RB,NO,a6d5129f-7469-4d59-b74e-3f8b59b977b8
18506,Trevor,Etienne,RB,CAR,d2efdcd7-bb41-41c7-bcb6-416029b646bc
19421,Rahsul,Faison,RB,,
15989,Jerome,Ford,RB,WAS,f5106453-fc94-4ffb-b843-cb5b15cdb4dd
15222,Kenneth,Gainwell,RB,TB,229b2cf7-ca6c-4394-b7f8-27883fb8abb7
16808,Jahmyr,Gibbs,RB,DET,ae8f738f-a91d-4ee1-b13c-d0228fdb5016
14639,Antonio,Gibson,RB,,835c4d4e-8d95-4625-b5d7-1c6e3a6384cd
18443,DJ,Giddens,RB,IND,2af626f5-ea50-41c5-a7ce-5aabdbb97d60
15990,Tyler,Goodson,RB,ATL,b1107a91-61f9-493f-9b2b-443aaaa69f9a
18450,Ollie,Gordon,RB,MIA,eaba77da-92c7-465f-93b1-be92b595a02b
16970,Eric,Gray,RB,NYG,1780471e-fbac-4850-8e9c-168943f95f1f
17947,Isaac,Guerendo,RB,SF,f1bbb892-67d2-4881-9032-7d1438511a4a
15810,Breece,Hall,RB,NYJ,f35e2ebd-3564-4083-b64a-0d59bedf1d9c
18445,Omarion,Hampton,RB,LAC,2961fcb5-8f79-44ce-a1eb-e195cfa18349
15468,Najee,Harris,RB,,047d564e-8993-4473-b72c-ab8ecbb1fdbd
18522,RJ,Harvey,RB,DEN,e2cd6f1b-7ee3-4cb8-b12c-f0242452b71c
15992,Hassan,Haskins,RB,,3ad0f7b8-98d9-4556-bf90-f432a56345c9
14392,JaMycal,Hasty,RB,,fa35326e-2e59-405f-8913-f7711f5aa054
19424,Jamal,Haynes,RB,,
18517,TreVeyon,Henderson,RB,NE,a35e7801-2125-42e2-8acc-1a10ba7e1933
10819,Derrick,Henry,RB,BAL,e9fdd9a9-7652-4f39-b790-071e2839f862
15281,Khalil,Herbert,RB,,e936e39d-5930-4dcf-9b74-dd9547e7da5f
13427,Justice,Hill,RB,BAL,c30a3a40-ba8b-4a16-b425-a5665aa3c8d9
17968,George,Holani,RB,SEA,70d65d13-9358-4c4b-ac00-117ce130ec9b
13484,Travis,Homer,RB,PIT,68174c3a-e18e-4623-b8e0-29c831b5cc65
15242,Chuba,Hubbard,RB,CAR,a98ff9f4-f919-47e4-9f24-40c36ca9d537
11739,Kareem,Hunt,RB,,9a022432-a418-48f5-9473-f4af24814bbc
18523,Jarquez,Hunter,RB,LA,3343b3c3-1410-4f12-badb-d0bfa201aab6
15239,Caleb,Huntley,RB,,5015aead-f8b4-419f-a711-517786575595
17784,Bucky,Irving,RB,TB,8344283b-c062-4719-b8d9-ab751543e329
13582,Josh,Jacobs,RB,GB,3dc1b1fc-0c07-4f33-ad1b-a0d2fb83edf3
18485,Jordan,James,RB,SF,c4c49dad-3c20-410f-8c09-b21d391f8cee
18487,Ashton,Jeanty,RB,LV,6691d6ae-d453-45d2-9604-4120271a1259
12678,D'Ernest,Johnson,RB,,08804ef2-c983-4ea2-b7c9-325628a1e45a
19240,Emmett,Johnson,RB,KC,
18515,Kaleb,Johnson,RB,PIT,9488ee95-2552-4114-9b74-adf434dc6b7b
16772,Roschon,Johnson,RB,CHI,5750c050-2514-489d-890d-5e8484e5a078
13587,Ty,Johnson,RB,BUF,b051fda9-3b0a-4535-8831-555fd2e0172a
11763,Aaron,Jones,RB,MIN,daefbcd5-dfac-49ac-83d7-2a9e6ec03545
17916,Jawhar,Jordan,RB,HOU,3673fc23-4825-46a3-85e6-f427be061bfd
18516,Quinshon,Judkins,RB,CLE,f9fdd402-4e4f-4625-b168-0f47634a6b1f
11732,Alvin,Kamara,RB,NO,cc542526-a1a8-4945-9780-3b7228a62322
18532,Corey,Kiner,RB,ARZ,
17818,Dylan,Laube,RB,LV,2e06a4b3-9802-4ebf-b433-68deed5baaac
17795,MarShawn,Lloyd,RB,GB,73b6a0c7-2d10-4db6-920e-f0789a215f3c
19235,Jeremiyah,Love,RB,ARZ,
18531,Phil,Mafah,RB,DAL,97d5e177-0771-41e4-abb7-efcf71b568aa
18449,Woody,Marks,RB,HOU,2deeea66-db9c-437b-b599-b02ef161300a
18528,Damien,Martinez,RB,GB,f710594c-160e-4036-b59a-42051086c3d8
16163,Jordan,Mason,RB,MIN,54fa09dc-30db-4625-9a36-95f59589e4a9
13477,Alexander,Mattison,RB,,606cd7d5-8f56-4453-b45e-cf1fe96d4451
11690,Christian,McCaffrey,RB,SF,cb7b1dc6-91ce-47b8-813c-07486371a922
17039,Jase,McClellan,RB,,600a0f50-3511-4795-8543-25c7a167e915
19303,Seth,McGowan,RB,IND,
17002,Kenny,McIntosh,RB,SEA,6b836f4b-35a8-4e1a-b7e6-1324111684ff
17319,Jaleel,McLaughlin,RB,DEN,5d5502b7-8a0e-46b6-866f-0cea1051de27
11767,Jeremy,McNichols,RB,WAS,d5697918-d882-4cc2-9bf7-934b98b9329d
19302,Jam,Miller,RB,NE,
16898,Kendre,Miller,RB,NO,8af14b29-44c9-4df5-a6b3-2ecfbfbc5fdc
15379,Elijah,Mitchell,RB,,dde5b955-a773-4c77-82cd-e70fc383455f
16810,Keaton,Mitchell,RB,LAC,5a6752f4-7751-4513-92bd-01a949d07495
11707,Joe,Mixon,RB,,19f3df7d-99f9-4555-8e03-a4afd3fa8c49
18520,Kyle,Monangai,RB,CHI,673b7bbe-a111-4948-96ba-bb8e069df441
13556,David,Montgomery,RB,HOU,7366cd9d-f434-4a89-b28c-f121c69f8666
18530,Le'Veon,Moss,RB,,
10604,Raheem,Mostert,RB,,c25debc8-79b9-44d5-8ac4-4edca7d7b779
18463,Kalel,Mullings,RB,TEN,7f7dd60f-ec71-4dae-bde2-377262d38caf
18521,Devin,Neal,RB,NO,3dbfc6a5-897d-40fd-abfb-f36db25da8e6
15579,Kene,Nwangwu,RB,NYJ,5ea148f4-b488-4c0f-9f49-fd2c074138ef
11768,Dare,Ogunbowale,RB,,d21e7aec-d294-4fb3-a494-12e1361e8cf0
19422,Jaydn,Ott,RB,,
16104,Isiah,Pacheco,RB,DET,131ac51c-0a71-4843-980c-1772cc069a3c
11698,Samaje,Perine,RB,CIN,54854ab0-6688-41b5-9f5b-4c7bb6ea5b62
15875,Dameon,Pierce,RB,PHI,bf40e425-b01f-43bf-a833-b021427efd7e
13590,Tony,Pollard,RB,TEN,121cdd7c-b594-425c-864a-365b5e653747
19299,Jadarian,Price,RB,SEA,
19301,Adam,Randall,RB,BAL,
19308,Desmond,Reid,RB,,
13960,Craig,Reynolds,RB,,7e6f6802-ff96-4ef9-8e01-14724b993253
16108,Ronnie,Rivers,RB,LA,e0cee736-2dcd-457c-8c87-00dc56bb6856
16739,Bijan,Robinson,RB,ATL,2b0cbe83-48a2-41b0-b03f-42180cfc4b77
15907,Brian,Robinson,RB,ATL,63374c3e-26cc-4d22-a77a-e29b8f5b2f4a
16933,Chris,Rodriguez,RB,JAC,a22743b2-363b-43a2-b182-94cff9998b16
18467,Dylan,Sampson,RB,CLE,818c7c7e-8c31-4b4b-b204-6dac4097ddde
18526,Raheim,Sanders,RB,CLE,
17510,Zavier,Scott,RB,MIN,96e509ee-5018-4208-9e36-aba17a349f10
17802,Will,Shipley,RB,PHI,467d16c8-fe6f-4e5b-b87a-5aa7f1ad4ff0
13449,Devin,Singletary,RB,NYG,a9cb4689-5707-40ca-9200-c8c4238c8636
18518,Nicholas,Singleton,RB,TEN,
18514,Cam,Skattebo,RB,NYG,cd425d92-c7b7-4da7-87eb-b2aec2f355ac
18529,Brashard,Smith,RB,KC,dc5c1cb0-debb-4aed-93ca-97a348af5a88
16941,Tyjae,Spears,RB,TEN,e5aeabde-d364-4374-a15d-10016ac5740d
15372,Rhamondre,Stevenson,RB,NE,3b5c2580-e73e-4222-8b98-b6dc14690e73
19423,Terion,Stewart,RB,,
16102,Pierre,Strong,RB,GB,e9d6f9da-9f11-433e-b041-f49493e79515
14394,D'Andre,Swift,RB,CHI,81ab025b-6000-4620-b4a8-db6c18b98a7c
19245,J'Mari,Taylor,RB,JAC,
14455,Jonathan,Taylor,RB,IND,8b9ad544-0e96-4b38-9b59-c293e3aadf39
17967,Tyrone,Tracy,RB,NYG,4365f6e3-bcc9-483e-99ff-33911dca26bb
19425,Chip,Trayanum,RB,,
16728,Sean,Tucker,RB,TB,620f78f4-a38c-491d-9088-2a7b9e5dbbae
18524,Bhayshul,Tuten,RB,JAC,dcd23250-bfbe-4f79-a5ce-d769546eb4df
17760,Sione,Vaki,RB,DET,d151802e-d9d3-4a79-ba11-e50f25fcf6f8
17821,Kimani,Vidal,RB,LAC,c6267b47-17a5-442b-8a98-f537bab7ebec
15909,Kenneth,Walker,RB,KC,4ccbad89-b2df-4502-9944-eedc4ec9060a
15984,Jaylen,Warren,RB,PIT,290ec831-46e1-4b99-815e-e40a35db0e5a
19300,Mike,Washington,RB,LV,
15802,Rachaad,White,RB,WAS,9d84935b-84bc-465d-9e87-ae8f7af53963
15852,Zamir,White,RB,,f1ed70fe-3773-4400-b9ee-5b668ff679ea
19305,Noah,Whittington,RB,,
15306,Javonte,Williams,RB,DAL,b3fc6404-a8a0-4475-8276-209e50b74069
15807,Kyren,Williams,RB,LA,df0c7db6-0a74-4343-a31e-0b64e2d6b0ea
17593,Emanuel,Wilson,RB,SEA,556a7c29-a17d-4660-a21a-8d9406502fe1
18864,Jacardia,Wright,RB,SEA,
17800,Jaylen,Wright,RB,MIA,210f4a16-ccbe-44eb-a85e-a36c74493f76
16992,Nate,Adkins,TE,DEN,d0cfdb44-d558-44e4-8a37-07b904daae50
12196,Mo,Alie-Cox,TE,IND,60454cb5-6295-42e9-b0bb-1058245c62df
17030,Davis,Allen,TE,LA,0bc2e7fa-b5e5-4570-9709-0fdeb1ab5884
12559,Mark,Andrews,TE,BAL,65f31977-db08-47a5-818f-ae5c9365bcfa
18540,Elijah,Arroyo,TE,SEA,1ba2693b-2bf7-4192-a4d6-493485dccf19
17811,AJ,Barner,TE,SEA,dd273516-3785-4d4f-a957-150461f787a0
15289,John,Bates,TE,WAS,fc2abfb9-cf17-40e7-a5a0-3cd636ecca49
16036,Daniel,Bellinger,TE,TEN,dc551b03-9c78-4796-b578-776208fbebb8
19363,Dallen,Bentley,TE,DEN,
19448,Nate,Boerkircher,TE,JAC,
17693,Brock,Bowers,TE,LV,6f3725e1-d57e-4516-8d71-cf7e3328267d
18542,Jake,Briningstool,TE,KC,
11887,Pharaoh,Brown,TE,,91378d4b-35bc-4249-a0e1-65e8719e7eed
14576,Harrison,Bryant,TE,SEA,75b58a21-6cc1-43ed-832f-a702fec0ef07
16039,Grant,Calcaterra,TE,PHI,95c6a77b-e53f-46ec-adfe-ffba1ed6c4cf
12809,Tyler,Conklin,TE,DET,d518b022-5088-480c-b4b0-cfbe8a77f042
19426,Josh,Cuevas,TE,BAL,
17965,Devin,Culp,TE,TB,fb27137d-0cfd-4c24-aa8c-205efae02f9b
14629,Josiah,Deguara,TE,,027b04df-8187-4652-962c-50aebcb28936
18544,Oscar,Delp,TE,NO,
12986,Will,Dissly,TE,,bd1db5e8-6e7e-480a-aad2-48c888d127bf
15891,Greg,Dulcich,TE,MIA,6e4e0254-03c3-4541-9481-356b99453e96
16720,Payne,Durham,TE,TB,d09fb0f8-e30b-4d7a-8a17-fb9a224f9476
19367,Shamar,Easter,TE,,
19258,Jack,Endries,TE,CIN,
11805,Evan,Engram,TE,DEN,aff41efa-823a-4bf3-b4bc-4d197adf9e50
8781,Zach,Ertz,TE,,57754737-d485-4aac-b26c-c39e2da4157b
18545,Mitchell,Evans,TE,CAR,c424b9c7-775f-4f2c-92e9-99af1b8093b0
18472,Harold,Fannin,TE,CLE,92fba03a-0598-40a5-90f3-533d03a7bc8e
13426,Noah,Fant,TE,NO,80be2bb3-d0f1-414c-bedb-9f17befcae71
15566,Luke,Farrell,TE,SF,860c13be-50ed-432b-80fb-a335aa2a79c8
15947,Jake,Ferguson,TE,DAL,43faacd4-c803-448e-a435-acb80a41e65c
18497,Terrance,Ferguson,TE,LA,c81a2399-eea5-4090-b0e8-c964eb7d5f13
16627,Tucker,Fisk,TE,,d2dd8436-1694-45fa-99bb-38b95be026f5
14306,Jody,Fortson,TE,,82fb71e6-751c-4d58-9057-d45923b76716
15324,Feleipe,Franks,TE,CAR,
15267,Pat,Freiermuth,TE,PIT,2977afd9-0a50-4190-bcb4-d26f0df7dc55
18481,Oronde,Gadsden,TE,LAC,0cfbf2b0-dfb3-4a9b-a0be-cf397faecd4e
12764,Mike,Gesicki,TE,CIN,da1f257c-ac6f-4146-988a-e0d417ac1cda
12860,Dallas,Goedert,TE,PHI,0c0803d6-711a-4685-9ac9-bf339950760c
15245,Kylen,Granson,TE,TEN,9ae8da68-89c9-41d7-a927-7fc84e878148
15459,Noah,Gray,TE,KC,60875711-004e-44b6-b5e6-b8e023b2ed63
19351,John Michael,Gyllenborg,TE,,
18538,Jackson,Hawes,TE,BUF,38f13e26-e56d-4a89-86d6-d30408130000
18503,Gunnar,Helm,TE,TEN,a1f12aed-71f4-48b3-b719-30631f9972b8
10735,Hunter,Henry,TE,NE,e016929c-04f5-4b22-955d-71008f06894e
19364,Matthew,Hibner,TE,BAL,
10854,Tyler,Higbee,TE,LA,56f7a603-f900-4d03-b066-da707e738d6d
16959,Elijah,Higgins,TE,ARZ,55d0e0e1-01a7-477d-9771-335ae7614dab
17335,Julian,Hill,TE,NE,18f25211-aa49-4ca3-901f-089b30701c29
12063,Taysom,Hill,TE,,64008c21-878e-4bf9-8780-1031be9d89fb
13610,T.J.,Hockenson,TE,MIN,660a9e72-4fc7-442d-ba62-257dbab39568
17824,Dallin,Holker,TE,,62dcf171-8d72-4f6f-948d-14db5aabb1e4
10748,Austin,Hooper,TE,ATL,fd498b49-4486-47b1-abfc-55cb48b3e6e7
13286,Tanner,Hudson,TE,CIN,4069bb46-5cdb-4cdb-a670-38912d166f2d
14630,Juwan,Johnson,TE,NO,2f7ab04c-3b04-4874-be0e-2a7ea0c59788
17021,Theo,Johnson,TE,NYG,1cdc8a84-3a59-46aa-b43f-c7e84768099b
19276,Justin,Joly,TE,DEN,
15369,Brevin,Jordan,TE,HOU,b90e3184-7bb0-495a-a598-116eff63f7d9
19450,Will,Kacmarek,TE,MIA,
19359,Jaren,Kanak,TE,TEN,
8783,Travis,Kelce,TE,KC,9ba8d5db-3aa3-4600-98f0-406a1e67bb22
16282,Ko,Kieft,TE,TB,ecab8e2a-03a0-45b2-a77f-d7fe75c88047
16697,Dalton,Kincaid,TE,BUF,38a6f520-27a2-47ae-874d-9a987a118244
19356,Miles,Kitselman,TE,,
11892,George,Kittle,TE,SF,8827456d-da1d-4708-92c9-135d3d426795
19278,Max,Klare,TE,LA,
19352,Marlin,Klein,TE,HOU,
14436,Cole,Kmet,TE,CHI,7202445c-cbea-4c42-a6c0-a5f498e2ff06
13466,Dawson,Knox,TE,BUF,93c47d61-ed85-444e-82ce-ae7e28dbea3e
15924,Charlie,Kolar,TE,LAC,9d7702cf-633a-4956-a171-67db1e9d74a1
19349,Tanner,Koziol,TE,JAC,
16649,Tucker,Kraft,TE,GB,1fa16276-37d0-4017-b356-dff85b4bc053
16259,Lucas,Krull,TE,DEN,e1542cab-794d-40a0-b024-924f458fd1a3
17033,Sam,LaPorta,TE,DET,df2846af-31b4-4939-b773-8b58def0fc58
16931,Cameron,Latu,TE,PHI,700f1b63-bddb-41f1-abde-3d7d0c116a59
16033,Isaiah,Likely,TE,NYG,59c11870-cdb6-4c4f-be1b-92d2fcb98c32
18460,Colston,Loveland,TE,CHI,08aacfb4-2cf3-4626-9f27-1dbdca661263
19350,Lawson,Luckie,TE,,
17014,Will,Mallory,TE,IND,2101a7d6-977e-4d62-b3f0-85486648d6aa
10033,Chris,Manhertz,TE,NYG,059cf5f1-9107-4c53-a592-b377cd95242f
19358,Lance,Mason,TE,,
16666,Michael,Mayer,TE,LV,fe9a52e1-671b-41d1-b2ce-0a515dc65796
15902,Trey,McBride,TE,ARZ,a4388eb5-9783-46f2-b262-43fbe0201ea3
13822,Foster,Moreau,TE,HOU,bf2a9c10-259a-4966-9dcf-b99a61128cf8
15460,Quintin,Morris,TE,JAC,c4df0f2e-cb53-4c4c-a992-addf71733b47
12316,Johnny,Mundt,TE,PHI,e13ef851-71c4-44b7-a5d6-71b594dc307e
16663,Luke,Musgrave,TE,GB,128e2e2f-63f1-4629-a74c-1379076d1ff0
18543,Bryson,Nesbit,TE,MIN,
11734,David,Njoku,TE,,40fd7bdd-746a-4a5d-a68c-12981e24b28e
19353,Brett,Norfleet,TE,,
16277,Drew,Ogletree,TE,IND,5a90c629-0eac-42fd-bfce-1cb7e8021c72
16042,Chig,Okonkwo,TE,WAS,05b708b9-ec27-4b6c-a485-5b2994b1a5f3
13786,Josh,Oliver,TE,MIN,41fef058-6c30-47d1-8aea-93ba62a28714
16032,Cade,Otton,TE,TB,fd3dce46-3c38-4ad4-bfc1-b72fad7ef755
14463,Colby,Parkinson,TE,LA,c7d94033-423f-480f-99ca-c1565a50986e
15265,Kyle,Pitts,TE,ATL,2e423f4b-b5a8-4564-bd49-8e4295a94364
19348,Eli,Raridon,TE,NE,
17966,Tip,Reiman,TE,ARZ,1b1dae18-5051-40d8-8bdd-0e992a9ec001
19357,Sam,Roush,TE,CHI,
19312,Joe,Royer,TE,CLE,
15996,Jeremy,Ruckert,TE,NYJ,46086bdf-1eb0-40ac-b719-35f52292bc12
19608,Carsen,Ryan,TE,CLE,
19279,Kenyon,Sadiq,TE,NYJ,
13809,Drew,Sample,TE,CIN,c4395b6e-4cfa-4303-9e8a-c9333d134f22
17748,Ja'Tavion,Sanders,TE,CAR,79320ee3-7596-461c-8080-118ecf7cba77
11897,Eric,Saubert,TE,SEA,91b36e3b-3cff-4ff9-849a-9771591a62a0
16855,Luke,Schoonmaker,TE,DAL,b2383320-4cbb-4309-9bbb-ddc546953c9e
12514,Dalton,Schultz,TE,HOU,e861f743-837a-47dd-a2a9-de23d4e7e363
19452,Bauer,Sharp,TE,TB,
17833,Ben,Sinnott,TE,WAS,97457ab9-3881-4a1d-8874-a3bac4b9f1aa
16321,Stone,Smartt,TE,PHI,28f21713-1487-4c17-baf4-ba9b806d3788
11807,Jonnu,Smith,TE,,50d708c8-637c-4c2d-9e06-e864a660207c
12807,Durham,Smythe,TE,BAL,5e48750d-552e-4c64-a107-e8d781f8b2da
17908,Brevyn,Spann-Ford,TE,DAL,38917e20-0ef1-401e-89ee-c42ca307cc3a
15510,Jack,Stoll,TE,CLE,4e1c316a-c2ba-4cc7-a21b-ee00821ad5ae
17794,Cade,Stover,TE,HOU,92735296-f7e4-413f-9672-6b05d5e8175c
18539,Eli,Stowers,TE,PHI,
17017,Brenton,Strange,TE,JAC,127d73f9-7548-4399-8b5d-7ed7ac9770f7
18535,Mason,Taylor,TE,NYJ,d4876b19-e62c-4847-91e9-005b43213ee5
12858,Ian,Thomas,TE,LV,b32c9f52-1f85-4de6-84d6-a11183ad8829
16418,Jake,Tonges,TE,SF,06b8ec36-1e24-493d-8a1b-f8c9d0b68b28
12389,Robert,Tonyan,TE,,de0a9863-2185-4a9b-a8f8-857ee9af0d8c
19681,Seydou,Traore,TE,MIA,
14541,Adam,Trautman,TE,DEN,a8f308d5-bade-4b9c-bd91-129f605897e7
15371,Tommy,Tremble,TE,CAR,b26d253f-6295-44a3-97e6-09e84c71bb48
19346,Michael,Trigg,TE,,
10949,Nick,Vannett,TE,,cf90b7b8-1c52-4aa5-b766-44c2f61db7aa
19360,Jack,Velling,TE,,
10215,Darren,Waller,TE,,a843724e-65ce-429f-8ca8-0c3107a64c47
18534,Tyler,Warren,TE,IND,234e0f4b-e7d1-4852-b65a-348ac45f49d6
16889,Darnell,Washington,TE,PIT,cee10b9d-7ede-4a61-abf6-cfff4b4e180e
17130,Blake,Whiteheart,TE,CLE,63b71b9c-c38c-4abe-982e-09707004d8e1
16866,Josh,Whyle,TE,GB,95e93b15-79f1-42cd-993f-6881cc28141b
14608,Charlie,Woerner,TE,ATL,fd5802df-0621-42f5-98f1-a006f32815ae
15821,Jelani,Woods,TE,NYJ,fb644b02-dc54-472c-b99b-8216516c35bf
15681,Brock,Wright,TE,DET,568b03d7-5389-42d3-8f16-1ac14ba5da0f
15339,Kenny,Yeboah,TE,,b6e02823-0ccf-45c3-b407-8b999e029957
18536,Ben,Yurosek,TE,MIN,
15701,Shane,Zylstra,TE,,cac85860-ef0c-4e34-a7cb-65a8f4d4b799
9455,Davante,Adams,WR,LA,56c3ad41-32a6-413e-8cf0-50912b952f92
16895,Jordan,Addison,WR,MIN,32029f87-893b-4c4b-b664-80ab8fcea2fd
12205,Jamal,Agnew,WR,,492e4cc2-bf84-4497-8c05-7d93c82b5e9b
14386,Brandon,Aiyuk,WR,SF,6e7a3b66-27e6-4eb1-87c4-731522d32ef6
19631,Cyrus,Allen,WR,KC,
8627,Keenan,Allen,WR,,d74acd73-504a-4c9b-8aa6-fe602de560a8
19324,Aaron,Anderson,WR,,
15229,Tutu,Atwell,WR,MIA,dfb6a448-33eb-4fb4-aaf8-8e9f29e36039
15874,Calvin,Austin,WR,NYG,50c1e9a5-e212-4cba-ac23-d8c8084a6b2b
16026,Kevin,Austin,WR,NO,15346155-dba2-4ccd-ac28-d5bde0a39715
18552,Elic,Ayomanor,WR,TEN,a47dd560-6054-4631-a6f0-fee5ae1d3903
15210,Rashod,Bateman,WR,BAL,7212c057-c051-453d-a287-2c16dcd6781d
18457,Jack,Bech,WR,LV,ce5777ea-37e2-4dda-8cb7-1ea87881540d
19309,Chris,Bell,WR,MIA,
15803,David,Bell,WR,,d4baf681-84a9-4ed2-9373-f02e30ce4d69
16843,Ronnie,Bell,WR,NO,51acbf2f-966d-4213-8c23-b482a4f2e263
19251,Skyler,Bell,WR,BUF,
19263,Germie,Bernard,WR,PIT,
17040,Jake,Bobo,WR,SEA,0c99e47c-9d97-4290-9021-3671087503e0
18502,Isaiah,Bond,WR,CLE,
19326,Lewis,Bond,WR,HOU,
19298,Denzel,Boston,WR,CLE,
11847,Kendrick,Bourne,WR,ARZ,06c716c4-808a-4e8a-9630-a379315ef34d
16795,Kayshon,Boutte,WR,NE,3c2cc03f-efb2-4906-83dc-29730d41a049
19262,Zachariah,Branch,WR,ATL,
19239,Chris,Brazzell,WR,CAR,
18561,Ja'Corey,Brooks,WR,WAS,
17185,Jalen,Brooks,WR,ARZ,0539dc1b-a6cc-42d1-af41-3ece95e7c4f3
13432,A.J.,Brown,WR,PHI,dd48e78f-5a11-4056-b21e-94789a31ee6e
19336,Barion,Brown,WR,NO,
15274,Dyami,Brown,WR,WAS,f972b7ae-d069-4104-83ea-5c5654a1daf5
13502,Hollywood,Brown,WR,PHI,824a3936-fc27-4f96-8c56-7adc402a5509
11849,Noah,Brown,WR,,9d9fe379-f313-4c5e-8501-063f7f4d4907
17182,Jason,Brownlee,WR,KC,6bc99a7f-88bc-4011-9b73-a807020176a7
18562,Pat,Bryant,WR,DEN,98f32b6f-5f4a-45d6-bc4e-88b81edc0850
18548,Luther,Burden,WR,CHI,45cb8445-7d55-49b1-915d-23f631d8b760
19315,Deion,Burks,WR,IND,
15896,Treylon,Burks,WR,WAS,97ee986e-2744-43fe-8fb2-7e787b0ad1a9
17738,Jermaine,Burton,WR,,cde08d20-420e-417e-a11d-45fc2a764f2a
19321,Josh,Cameron,WR,JAC,
13525,Parris,Campbell,WR,DAL,bd6ca3b5-46e3-496c-812b-bb04e61515cf
10234,DeAndre,Carter,WR,,dfae7416-023b-4d71-a89d-b52e203b2fb8
15183,Ja'Marr,Chase,WR,CIN,19818cc6-e21b-4258-9315-93cb64fb92e7
18889,Efton,Chism,WR,NE,
17976,Jalen,Coker,WR,CAR,5a3633f7-36fb-425a-aaed-15fd24ecc5b0
17732,Keon,Coleman,WR,BUF,b18ac210-a3e4-4785-8dd8-c712ac1d9819
19322,Kevin,Coleman,WR,MIA,
15200,Nico,Collins,WR,HOU,4817d915-eef0-4ff3-8a53-3652bd6ea36a
19242,KC,Concepcion,WR,CLE,
9260,Brandin,Cooks,WR,,2fd9b7b5-27b3-4f69-8abe-60a8144c6909
10055,Amari,Cooper,WR,,01ed7bc6-254e-4cc1-92f4-f2ba86746625
18958,Darius,Cooper,WR,PHI,
19314,Omar,Cooper,WR,NYJ,
17777,Malachi,Corley,WR,CLE,abb9bd51-c3f3-4802-9259-ddcb7f0b6bd6
16337,Britain,Covey,WR,PHI,6ec722bf-3f74-4875-8674-1a4bff765329
17008,Jacob,Cowing,WR,SF,843ffb53-0feb-4432-981b-f3b483d08106
19316,CJ,Daniels,WR,LA,
16939,Derius,Davis,WR,LAC,76bb86af-c68f-486a-bbcd-6e1143294b8f
14359,Gabe,Davis,WR,,a5add42f-3abc-4986-83cc-4b021952199c
16935,Tank,Dell,WR,HOU,65a3b00f-0be9-4652-b7ce-d1d29816945d
10133,Stefon,Diggs,WR,,25ea41e7-0529-48c6-ba65-7648bb7f9ed2
18641,Chimere,Dike,WR,TEN,18d5e027-fefe-4ed9-bcfc-da8cb61c01b1
13469,Greg,Dortch,WR,DET,a6a4c9bd-0043-48c6-9237-0987eb2a8b47
15850,Jahan,Dotson,WR,ATL,5b561cfb-843a-442a-8cb8-1953c3f7aaef
16027,Romeo,Doubs,WR,NE,8787ffdd-7fc0-4f90-9f40-c1ab2e7692fe
19343,Caleb,Douglas,WR,MIA,
16751,DeMario,Douglas,WR,NE,03b5560b-9a42-40c5-99db-d697c5ec7fa9
16689,Josh,Downs,WR,IND,1edbae01-fd1f-408a-8b46-7365d293ee71
13854,Ashton,Dulin,WR,IND,10a4ea60-c8e3-4e3f-b407-3636348067a1
14636,Devin,Duvernay,WR,ARZ,4c5173c1-c942-41ef-8eff-b4ba9d819402
18549,Emeka,Egbuka,WR,TB,a4fc249b-c776-4926-b8d4-f5a557d337e5
15461,Dee,Eskridge,WR,,10e0a2ff-5721-42d3-808a-c73914405da5
9253,Mike,Evans,WR,SF,ebed0797-4404-4df7-bb66-1192d89e13d5
18553,Tai,Felton,WR,MIN,83e72a8e-fb32-4450-bf5a-04070626c19e
19313,Malachi,Fields,WR,NYG,
17974,Ryan,Flournoy,WR,DAL,5e0c67b2-cb4c-4383-a84b-bd80f174e9fe
16919,Zay,Flowers,WR,BAL,15250a4e-0ec5-44dd-988d-3b556cbc40e9
17719,Troy,Franklin,WR,DEN,b2355d99-f555-4e51-b303-911afe6de613
11718,Chris,Godwin,WR,TB,87d1b639-a279-401e-95b0-098ea9d9db28
18500,Matthew,Golden,WR,GB,24f08af9-cb88-4d00-a1c6-97e4f70f4900
17971,Anthony,Gould,WR,IND,1f7c7f56-b309-498f-8da4-e36a6385fa0c
19328,Jaden,Greathouse,WR,,
13532,Mecole,Hardman,WR,BUF,bea6c553-38bf-40c1-ab80-b48c5a23a78d
18478,Tre',Harris,WR,LAC,37bb3be4-4043-42ed-aad7-caf2a81cce4d
17674,Marvin,Harrison,WR,ARZ,db0f4c66-62fe-4316-9b9b-a0d5a7d9962a
18551,Jayden,Higgins,WR,HOU,973016cb-4a6c-4d97-af8d-4290ab80808b
14506,Tee,Higgins,WR,CIN,67d130d9-b76e-4457-b503-f0d139d9c83d
11222,Tyreek,Hill,WR,,84cf37a2-d9f9-4315-a56a-c003a186023d
14356,Isaiah,Hodgins,WR,NYG,1a783937-492f-47a2-9058-574dc3396d8d
11861,Mack,Hollins,WR,NE,63e60cc6-a2c2-40dd-93ab-72e0faac9083
8619,DeAndre,Hopkins,WR,,226c2222-6b57-4b94-ad9f-0e359751f4c1
18569,Jimmy,Horn,WR,CAR,
17772,Tory,Horton,WR,SEA,6ad9ab0b-85ec-4e78-8a6d-b04322d04a84
13565,Lil'Jordan,Humphrey,WR,DEN,b37b6f6c-4d40-4b28-96eb-8032f1852452
18578,Travis,Hunter,WR,JAC,a611865a-cebc-4504-9477-6b69484480b1
19320,Ted,Hurst,WR,TB,
16932,Xavier,Hutchinson,WR,HOU,9bac385a-16a2-469d-adf8-1b1192547421
16714,Jalin,Hyatt,WR,NYG,dd7b48ce-9fde-46eb-b03f-45e8274cf326
16965,Andrei,Iosivas,WR,CIN,5c996508-9376-4649-a340-dca1b4325dac
14509,Justin,Jefferson,WR,MIN,d61fb310-35c9-4f90-a99c-fb4605a870f4
14430,Van,Jefferson,WR,WAS,1e22a254-5c0a-46a1-90d0-f74e5b61078a
14376,Jauan,Jennings,WR,,189fd1e2-d3d5-49d1-a63b-4f8fcfbd3e77
14458,Jerry,Jeudy,WR,CLE,6081005f-45de-474b-87a3-2b74cd21f9b9
13472,Diontae,Johnson,WR,,1b821175-4851-4629-8fc5-b8036ad14a61
18307,Kameron,Johnson,WR,TB,
18484,Tez,Johnson,WR,TB,c19265ce-22ad-442a-9fa1-57e77f739cc5
14432,Tyler,Johnson,WR,DAL,1e0b5146-5d52-4162-b34d-984121c59d92
16899,Quentin,Johnston,WR,LAC,7131fd51-e10c-4fc8-840c-274f82210d19
16719,Charlie,Jones,WR,CIN,4c06ce0c-9c66-4a9f-9e99-82748ad21cf7
11751,Zay,Jones,WR,,f7ac299c-e688-43f5-9b10-ef5d55f6b691
14246,Tom,Kennedy,WR,DET,47b54337-699a-4a29-bc6c-7010673d3773
19329,Dane,Key,WR,,
12508,Christian,Kirk,WR,SF,17f8f4db-0b38-48ff-b9e3-a42af0fc3aa2
11863,Cooper,Kupp,WR,SEA,c5719ef0-3dcc-4740-84af-ef600d160bd9
14411,CeeDee,Lamb,WR,DAL,4de8084d-aa1a-43c7-9676-0def5b39e980
18650,KeAndre,Lambert-Smith,WR,LAC,1a5c43e1-6534-43f5-9c5f-29915ccb236c
19319,Bryce,Lance,WR,NO,
19230,Ja'Kobi,Lane,WR,BAL,
18643,Jaylin,Lane,WR,WAS,841390bd-c51e-4068-9ca8-483af19d22cf
18941,Gage,Larvadain,WR,CLE,
19443,Kendrick,Law,WR,DET,
12628,Allen,Lazard,WR,,2b137246-eb40-4e14-adf0-7f0287d59ba4
17734,Xavier,Legette,WR,CAR,da6fd68c-1e09-44b8-b4a9-43eefef7769a
19231,Makai,Lemon,WR,PHI,
10161,Tyler,Lockett,WR,,7da829d5-a014-412b-9db5-5c865cfe8534
15868,Drake,London,WR,ATL,fc7cba00-d4a8-4ad1-83af-a6932d777354
19325,Eric,McAlister,WR,,
17820,Luke,McCaffrey,WR,WAS,93254131-3f06-4154-b209-c6aaac760355
17724,Ladd,McConkey,WR,LAC,021635a5-9e24-419c-afe0-4db7f5e2cc2d
13536,Terry,McLaurin,WR,WAS,ab4b11fa-c34d-4317-b4b7-bf16fcc678e3
17763,Jalen,McMillan,WR,TB,5b2de9a5-923a-4dc8-9685-024e784b7856
18547,Tetairoa,McMillan,WR,CAR,d4af82a6-7aea-4dd8-8d40-912051b1d2b8
17942,Bub,Means,WR,NO,7135f1c4-50a6-40ac-a3d2-5f4657388ccf
15935,Bo,Melton,WR,GB,c0bff409-96be-47f4-be5d-304b83289176
13424,DK,Metcalf,WR,PIT,9fce5a42-43cc-4cf2-8732-b37153519ea6
16069,John,Metchie,WR,CAR,e6ea81a9-a676-4a48-bcbc-2b97cde9e29a
13517,Jakobi,Meyers,WR,JAC,d69c19b0-4c6f-448a-9690-27f4a4ed54f9
13987,Scotty,Miller,WR,,b464489b-bf3c-4d18-aa72-4b83e8ffb15b
16849,Marvin,Mims,WR,DEN,031e196b-ce1a-4890-93ad-2a7cefedfe5d
16937,Jonathan,Mingo,WR,DAL,c86a8455-08b6-4bb3-bd21-9ac7fe093ae9
17668,Adonai,Mitchell,WR,NYJ,89dc23ee-f751-477d-84a7-f330711ee432
14510,Darnell,Mooney,WR,NYG,274d03dc-35b3-4163-b7a7-1088b19b84cf
10994,Chris,Moore,WR,,38534ff5-ba96-4cd7-9122-31902e18ec83
12216,David,Moore,WR,CAR,6b33c2f8-f926-4f1c-bf1f-bf0786e93764
12477,DJ,Moore,WR,BUF,6d1e2e6b-00ea-4889-9db1-f6ff25eeb3f1
15280,Elijah,Moore,WR,PHI,80db90d0-8057-446c-b2bb-e4d67f357a25
16005,Skyy,Moore,WR,GB,dc1ddf1f-55ef-41d8-a6bb-9b0e6f09831b
17081,Konata,Mumpfield,WR,LA,fc34d072-b799-4255-bc77-c0ad61ba773d
17704,Malik,Nabers,WR,NYG,9e383307-302a-4285-93aa-69bb32de103d
16790,Puka,Nacua,WR,LA,e442b551-f8b9-42d2-bf92-677aee7e9a79
16025,Jalen,Nailor,WR,LV,3c4ff83e-69d7-45f8-bee0-710b536c97bb
18555,Jaylin,Noel,WR,HOU,8420d79d-57f3-4296-90df-0edd9d78ab7b
17020,Rome,Odunze,WR,CHI,567edce8-cab2-43fc-b082-ed4a653f760d
15895,Chris,Olave,WR,NO,463ed573-6658-435f-82a4-170352fb6887
14318,Gunner,Olszewski,WR,NYG,30e9ae9d-a244-4ae2-8c2b-76ab3decbb0d
15447,Joshua,Palmer,WR,BUF,146258da-2441-4e3b-a1fe-6ef9c566806e
12061,Tim,Patrick,WR,,a3901a5e-309b-4dc1-b62f-a9e7887ba7a7
17761,Ricky,Pearsall,WR,SF,ba7b2314-4960-4da1-a791-9b3fe86ad646
19334,Trebor,Pena,WR,JAC,
12884,Dante,Pettis,WR,,0b8759c2-8448-4908-a035-0abfe777ce3a
15853,George,Pickens,WR,DAL,54411227-af25-42c9-9ac5-f740fa220777
16022,Alec,Pierce,WR,IND,a8772039-c773-4703-81b5-ea71e53c56f5
14378,Michael,Pittman,WR,PIT,6d848109-6d69-4474-9ab3-76c7f64bafa0
17684,Ja'Lynn,Polk,WR,NO,78c700de-f98e-4043-be37-1a1735256c38
19095,Myles,Price,WR,MIN,
14415,James,Proche,WR,,abbfc8f3-2503-4312-a001-3b79775bc2fa
11429,Kalif,Raymond,WR,CHI,af156259-1bbb-4d40-97f1-5dbd14fa7006
16977,Jayden,Reed,WR,GB,6dd797af-0abf-4bb5-82ca-9447147d3e61
16744,Nikko,Remigio,WR,KC,3fc4c4b5-de6b-4fe6-8d17-0895c89fed97
13749,Hunter,Renfrow,WR,,1e8d3d2c-b9aa-4d4e-b9a6-8e3cd2b01e33
18466,Xavier,Restrepo,WR,TEN,
11871,Josh,Reynolds,WR,,03880d40-6efb-4aab-afec-8c9566f9b29e
17756,Brenden,Rice,WR,LV,41218fd4-486a-412c-a5b1-0a08fd36f116
16963,Rashee,Rice,WR,KC,87b71b64-5182-4dbf-a04d-10b3a68ec2a6
12616,Calvin,Ridley,WR,TEN,76bcf23d-03fe-4a55-891a-7bdef70922bc
19323,Eric,Rivers,WR,,
19339,Chase,Roberts,WR,,
11163,Demarcus,Robinson,WR,SF,35d8246e-40f3-4465-a67d-f09b6d29f466
15838,Wan'Dale,Robinson,WR,TEN,38cb1ed6-2217-4572-bf8c-d19ac47d0c84
18550,Jalen,Royals,WR,KC,310f6ab2-d104-47b0-aeec-4cfb8660c5fb
11710,Curtis,Samuel,WR,,62b33363-6b96-472e-ac58-a37611b925fd
13429,Deebo,Samuel,WR,,87a920c7-894f-465b-b39c-fe9d3cb6a9a2
19310,Elijah,Sarratt,WR,BAL,
16560,Rashid,Shaheed,WR,SEA,46128737-06bc-495b-8126-938ec626bec7
15892,Khalil,Shakir,WR,BUF,228a3bf6-f9f3-412c-afe0-5768c4d03c49
17555,Tyrell,Shavers,WR,BUF,856e4913-47c1-4aca-b38b-11f6fcc2b45e
10988,Sterling,Shepard,WR,,58619510-459f-4cd1-b79b-0c2075d57cd3
13061,Trent,Sherfield,WR,BUF,7cbb0d09-0c7d-46b2-98c7-c585c8054116
13634,David,Sills,WR,TB,1bd7b256-4a5c-4568-b75f-bdf53a24cdf1
14055,Steven,Sims,WR,,252d5fc0-fa09-4942-9de4-8cbe4cc43c1f
19254,Eric,Singleton,WR,,
15467,Ben,Skowronek,WR,PIT,ea161fea-4582-4c50-bd01-76cc9050fd41
13522,Darius,Slayton,WR,NYG,a1ea32e0-20dd-4aa7-9c09-71bc74924a91
19371,Anthony,Smith,WR,DAL,
18646,Arian,Smith,WR,NYJ,c80a3f74-0d57-4f1d-b6e8-9167bcafc9bc
15406,DeVonta,Smith,WR,PHI,9e8bc8ee-72ed-4792-acca-d2b744a0b5ba
17467,Xavier,Smith,WR,LA,5ffeb14e-0840-4016-b782-bd17b04cc1e0
16654,Jaxon,Smith-Njigba,WR,SEA,c2f61e40-f9fa-4050-b955-9b236bcceeed
11877,JuJu,Smith-Schuster,WR,,ac9f0cd0-ddc3-40a2-bf05-bd919e0630d3
15332,Amon-Ra,St. Brown,WR,DET,b4d7a866-815f-40c1-8f76-7608b4ab1c01
19330,De'Zhaun,Stribling,WR,SF,
12586,Courtland,Sutton,WR,DEN,b51ef827-ba15-4a30-87f5-1a74d1bd84bf
19268,Carnell,Tate,WR,TEN,
18642,Isaac,TeSlaa,WR,DET,2aa9b28a-eb13-43b2-a933-582d438d5d79
8986,Adam,Thielen,WR,MIN,972c1749-c532-4a50-a1de-2c74b3f88286
17716,Brian,Thomas,WR,JAC,67d430bc-67a8-49e6-8111-27bbab20ecb9
19332,Noah,Thomas,WR,,
19259,Zavion,Thomas,WR,CHI,
19318,Brenen,Thompson,WR,LAC,
18558,Dont'e,Thornton,WR,LV,7c78abee-11ad-4ed0-a8b8-c17b0cd69330
15831,Tyquan,Thornton,WR,KC,51fa7a91-93c6-4aa5-bf9c-1347f419b995
17686,Jamari,Thrash,WR,CLE,6f040dad-a0f3-4c30-8613-df0abc3b88f2
16706,Cedric,Tillman,WR,CLE,252b01c1-2bde-4112-bbfb-6440ade9258d
16010,Jalen,Tolbert,WR,MIA,64aa98a7-b359-4597-84f7-affa2d6dc720
16694,Tre,Tucker,WR,LV,6d43b896-92a0-4ffd-8fe2-4a2ec2346e39
15533,DJ,Turner,WR,,fa8107ca-2809-4452-810d-81a0c1d49513
13894,KaVontae,Turpin,WR,DAL,9a5008b9-2fe9-4477-8590-2205f82a337c
19233,Jordyn,Tyson,WR,NO,
12934,Marquez,Valdes-Scantling,WR,DAL,6f5bdbd6-640a-4f62-b8f2-3797b340e2d6
17975,Devaughn,Vele,WR,NO,eb73db58-a2c6-4493-8ebc-d32ef72f00cd
19445,Reggie,Virgil,WR,ARZ,
15404,Jaylen,Waddle,WR,DEN,b3574a5a-ee99-43d3-9056-0f9807dab4b2
17728,Devontez,Walker,WR,BAL,73e7723b-4093-4d52-b4c6-d075e33207c9
18938,Jahdae,Walker,WR,CHI,
15310,Tylan,Wallace,WR,CLE,52aa4523-7aa1-4310-9fd3-7cea1cbd5931
17863,Malik,Washington,WR,MIA,b7cf7500-bfc8-4946-acfe-ee405028d729
16690,Parker,Washington,WR,JAC,df987034-7ce1-4afa-a28b-0bf557793758
18647,Jordan,Watkins,WR,SF,eec7c936-d768-4635-9c46-d3c68d0e0616
15946,Christian,Watson,WR,GB,c108c752-92fd-491f-94ed-60b0b3cea7d8
12746,Justin,Watson,WR,HOU,dc3165c9-7f09-463a-ad6f-ed3e9c1133cb
18645,Theo,Wease,WR,MIA,
18041,Xavier,Weaver,WR,ARZ,69cade60-9e48-48f9-874f-5937cf6d8168
14750,Nick,Westbrook-Ikhine,WR,IND,153696a9-1fbb-4205-b382-2813daac42df
18567,LaJohntay,Wester,WR,BAL,9f7e64dc-3676-41e4-9e53-76ab33f87f2a
19340,Kaden,Wetjen,WR,PIT,
14495,Cody,White,WR,SEA,87d6d591-514f-446a-8cce-63b8befc4ae0
18560,Ricky,White,WR,SEA,041deb2b-7cc8-49e2-ad4c-911399b0c5ee
17688,Jordan,Whittington,WR,LA,e9c2c7c2-1571-4540-af04-68952b3cee6d
16658,Dontayvion,Wicks,WR,PHI,7401f3d7-db5f-493d-8bcb-1624b703fa9c
19237,Antonio,Williams,WR,WAS,
15294,Avery,Williams,WR,,bc2f280a-707a-4eaa-9979-0d7d64b219ad
17977,Isaiah,Williams,WR,NYJ,7fe3c9fd-a76a-4f68-9bc2-97f539b92e0a
15849,Jameson,Williams,WR,DET,991d546e-1d68-4cc6-977e-62286356f087
19126,Kyle,Williams,WR,NE,1f64ef3a-a455-4fd5-8978-c1d15e34b133
18554,Savion,Williams,WR,GB,ca7ee3ec-0a3e-431d-8adb-3ed3889433eb
12773,Cedrick,Wilson,WR,,35490f3c-4283-47e7-b260-bc73e4b0139d
15829,Garrett,Wilson,WR,NYJ,63729550-4edb-4bb9-8a4f-2fa66c107b31
17011,Johnny,Wilson,WR,PHI,b1672075-e4a6-4e66-9b8d-639a1eaccf99
16957,Michael,Wilson,WR,ARZ,0169a966-cf5f-4e6e-8b03-1583650fd6ae
17043,Roman,Wilson,WR,PIT,4df49d8f-f0b9-4b5e-9637-351c25cb296d
17687,Xavier,Worthy,WR,KC,ed71a3ff-5dc7-4be6-8ab7-c1a537f0154a
19447,Colbie,Young,WR,CIN,
15922,Dareke,Young,WR,LV,5e5cc4d2-5112-4125-b79f-0808dc8d39b7
13833,Olamide,Zaccheaus,WR,ATL,99915e61-05a3-420b-9414-4b7cc5dec39a
