Picked At,Pick Number,Appearance,First Name,Last Name,Team,Position,Draft,Draft Entry,Draft Entry Fee,Draft Size,Draft Total Prizes,Tournament Title,Tournament,Tournament Entry Fee,Tournament Total Prizes,Tournament Size,Draft Pool Title,Draft Pool,Draft Pool Entry Fee,Draft Pool Total Prizes,Draft Pool Size,Weekly Winner Title,Weekly Winner,Weekly Winner Entry Fee,Weekly Winner Total Prizes,Weekly Winner Size
2026-03-09 17:26:17 UTC,219,4e8b6a26-f015-4ac3-9614-43d47a520e45,Emanuel,Wilson,SEA,RB,2b8f6727-217c-42e2-8fb4-9bdcf77d2db6,c8e065c9-083e-4b90-8c96-fe3333697644,,12,,The Little Board,bd240943-36bf-459c-9c89-7d70301a50ac,3,500000,189000,,,,,,,,,,
2026-03-12 17:41:17 UTC,31,a79dba5d-c547-4640-a5c8-4aef963b18e4,Travis,Etienne Jr.,NO,RB,b7317ea3-957a-4f34-8897-90c59a3a35f3,a79c3111-74b3-4f65-a182-923b718cbabb,,12,,The Little Board,bd240943-36bf-459c-9c89-7d70301a50ac,3,500000,189000,,,,,,,,,,
2026-02-18 04:54:24 UTC,72,ed1c88f0-ae86-4b31-91d8-177b0aae730d,Tyler,Warren,IND,TE,33146654-070e-4d3e-8806-97ef5a6d2064,d3501611-1cce-47dc-ae9a-1a1c20291853,,12,,The Little Board,bd240943-36bf-459c-9c89-7d70301a50ac,3,500000,189000,,,,,,,,,,
2026-02-19 00:12:16 UTC,63,c3d66be9-8247-4c7b-81e7-6d6df8b7c120,Joe,Burrow,CIN,QB,d53c8477-9da5-4ce1-be6f-0eff8db19e08,d5c2f35a-5fda-4493-8a30-ea1b544a00eb,,12,,The Big Board,20b6d363-f4e6-472a-be06-871d6b3e5a14,10,2000000,223200,,,,,,,,,,
2026-02-28 21:06:30 UTC,2,93457447-77e6-4549-9b82-e31a83dbafef,Ja'Marr,Chase,CIN,WR,e9db9787-0327-40e7-9ae4-156c08c7376c,d5389839-90c7-442d-ad91-603b26fa55b0,,12,,The Big Board,20b6d363-f4e6-472a-be06-871d6b3e5a14,10,2000000,223200,,,,,,,,,,
2026-02-11 03:40:38 UTC,121,74495a7e-40fd-4779-8599-af4dd40ec864,Brenton,Strange,JAX,TE,c00dcd3a-975b-4fca-81fb-74c6d7071add,3ec15792-a5bf-48db-9d68-2502f0fda271,,12,,The Big Board,20b6d363-f4e6-472a-be06-871d6b3e5a14,10,2000000,223200,,,,,,,,,,
2026-02-19 00:34:32 UTC,207,4e8b6a26-f015-4ac3-9614-43d47a520e45,Emanuel,Wilson,SEA,RB,d53c8477-9da5-4ce1-be6f-0eff8db19e08,d5c2f35a-5fda-4493-8a30-ea1b544a00eb,,12,,The Big Board,20b6d363-f4e6-472a-be06-871d6b3e5a14,10,2000000,223200,,,,,,,,,,
2026-03-19 00:37:15 UTC,73,006dd79c-dead-4677-8d43-3b699d57d7c7,Trevor,Lawrence,JAX,QB,8b3ee1cc-5646-487a-a7d4-195e1ac59cf3,e84dd89f-888a-4393-a64f-3b83019b8cd5,,12,,The Big Board,20b6d363-f4e6-472a-be06-871d6b3e5a14,10,2000000,223200,,,,,,,,,,
2026-03-12 17:59:33 UTC,138,d1acaad7-989a-4ef1-b2af-3d7c8fb104ea,Bryce,Young,CAR,QB,b7317ea3-957a-4f34-8897-90c59a3a35f3,a79c3111-74b3-4f65-a182-923b718cbabb,,12,,The Little Board,bd240943-36bf-459c-9c89-7d70301a50ac,3,500000,189000,,,,,,,,,,
2026-03-01 15:58:27 UTC,79,ed1c88f0-ae86-4b31-91d8-177b0aae730d,Tyler,Warren,IND,TE,371f173a-8add-44fc-8c56-0cbf5738c83f,3adee8e2-1269-4eb0-a387-75b8d3d9567f,,12,,The Little Board,bd240943-36bf-459c-9c89-7d70301a50ac,3,500000,189000,,,,,,,,,,
2026-03-05 19:46:08 UTC,217,4e8b6a26-f015-4ac3-9614-43d47a520e45,Emanuel,Wilson,SEA,RB,33146654-070e-4d3e-8806-97ef5a6d2064,d3501611-1cce-47dc-ae9a-1a1c20291853,,12,,The Little Board,bd240943-36bf-459c-9c89-7d70301a50ac,3,500000,189000,,,,,,,,,,
2026-02-11 03:52:59 UTC,216,f664cfe3-c377-4cc9-89b4-8cc2938ea033,Ollie,Gordon,MIA,RB,c00dcd3a-975b-4fca-81fb-74c6d7071add,3ec15792-a5bf-48db-9d68-2502f0fda271,,12,,The Big Board,20b6d363-f4e6-472a-be06-871d6b3e5a14,10,2000000,223200,,,,,,,,,,
2026-02-26 12:50:12 UTC,145,f3ef5105-c46a-438a-99cb-180989aed594,Jalen,McMillan,TB,WR,33146654-070e-4d3e-8806-97ef5a6d2064,d3501611-1cce-47dc-ae9a-1a1c20291853,,12,,The Little Board,bd240943-36bf-459c-9c89-7d70301a50ac,3,500000,189000,,,,,,,,,,
2026-01-30 17:51:31 UTC,5,eec15e8b-2a0d-4693-98b9-a64aeaf975d6,Jahmyr,Gibbs,DET,RB,e0b467d9-730f-4d0e-9d35-0158db14de20,c1033cdf-f029-43b6-b8ab-bbf1f1d130f3,,12,,The Little Board,bd240943-36bf-459c-9c89-7d70301a50ac,3,500000,189000,,,,,,,,,,
2026-02-19 00:30:22 UTC,178,64d033c2-2401-4f22-8244-a19610338546,Nicholas,Singleton,,RB,d53c8477-9da5-4ce1-be6f-0eff8db19e08,d5c2f35a-5fda-4493-8a30-ea1b544a00eb,,12,,The Big Board,20b6d363-f4e6-472a-be06-871d6b3e5a14,10,2000000,223200,,,,,,,,,,
2026-01-30 18:09:59 UTC,116,d866415f-1e04-46b0-b3c8-a7dcfcf10fb0,Jayden,Higgins,HOU,WR,e0b467d9-730f-4d0e-9d35-0158db14de20,c1033cdf-f029-43b6-b8ab-bbf1f1d130f3,,12,,The Little Board,bd240943-36bf-459c-9c89-7d70301a50ac,3,500000,189000,,,,,,,,,,
2026-03-09 17:02:55 UTC,75,e245a361-7d5e-43d6-9ed0-f17469b25459,Ricky,Pearsall,SF,WR,2b8f6727-217c-42e2-8fb4-9bdcf77d2db6,c8e065c9-083e-4b90-8c96-fe3333697644,,12,,The Little Board,bd240943-36bf-459c-9c89-7d70301a50ac,3,500000,189000,,,,,,,,,,
2026-02-16 01:18:22 UTC,48,be1270d5-0970-47e5-ae48-9a3fc9266d02,Jaylen,Waddle,DEN,WR,33146654-070e-4d3e-8806-97ef5a6d2064,d3501611-1cce-47dc-ae9a-1a1c20291853,,12,,The Little Board,bd240943-36bf-459c-9c89-7d70301a50ac,3,500000,189000,,,,,,,,,,
2026-03-12 18:03:34 UTC,162,dd6719eb-1465-4a8c-82ad-4ed1b19468c8,Jacoby,Brissett,ARI,QB,b7317ea3-957a-4f34-8897-90c59a3a35f3,a79c3111-74b3-4f65-a182-923b718cbabb,,12,,The Little Board,bd240943-36bf-459c-9c89-7d70301a50ac,3,500000,189000,,,,,,,,,,
2026-02-21 04:49:34 UTC,97,0c3af97a-d800-4e73-aa0d-7eaa10d9aa91,Xavier,Worthy,KC,WR,33146654-070e-4d3e-8806-97ef5a6d2064,d3501611-1cce-47dc-ae9a-1a1c20291853,,12,,The Little Board,bd240943-36bf-459c-9c89-7d70301a50ac,3,500000,189000,,,,,,,,,,
2026-02-28 21:39:17 UTC,239,82e5a019-bf29-4434-ab1e-710382655a66,Ty,Simpson,,QB,e9db9787-0327-40e7-9ae4-156c08c7376c,d5389839-90c7-442d-ad91-603b26fa55b0,,12,,The Big Board,20b6d363-f4e6-472a-be06-871d6b3e5a14,10,2000000,223200,,,,,,,,,,
2026-02-28 21:13:33 UTC,50,c3d66be9-8247-4c7b-81e7-6d6df8b7c120,Joe,Burrow,CIN,QB,e9db9787-0327-40e7-9ae4-156c08c7376c,d5389839-90c7-442d-ad91-603b26fa55b0,,12,,The Big Board,20b6d363-f4e6-472a-be06-871d6b3e5a14,10,2000000,223200,,,,,,,,,,
2026-03-09 17:14:22 UTC,142,0e759258-47eb-4ded-af7f-6ffce9ab2ad8,Cam,Ward,TEN,QB,2b8f6727-217c-42e2-8fb4-9bdcf77d2db6,c8e065c9-083e-4b90-8c96-fe3333697644,,12,,The Little Board,bd240943-36bf-459c-9c89-7d70301a50ac,3,500000,189000,,,,,,,,,,
2026-03-10 01:33:34 UTC,57,067a8cdc-ed3a-4bd7-8a89-7ec44e819aaf,Christian,Watson,GB,WR,61252b5d-ed8d-48c3-8584-8fae104c7fb1,5c837c17-48d8-457c-8f03-7b464520738a,,12,,The Big Board,20b6d363-f4e6-472a-be06-871d6b3e5a14,10,2000000,223200,,,,,,,,,,
2026-03-19 00:27:09 UTC,1,b01bb761-f415-43c6-9e28-ba81d9e75025,Bijan,Robinson,ATL,RB,8b3ee1cc-5646-487a-a7d4-195e1ac59cf3,e84dd89f-888a-4393-a64f-3b83019b8cd5,,12,,The Big Board,20b6d363-f4e6-472a-be06-871d6b3e5a14,10,2000000,223200,,,,,,,,,,
2026-03-10 01:48:49 UTC,129,74495a7e-40fd-4779-8599-af4dd40ec864,Brenton,Strange,JAX,TE,61252b5d-ed8d-48c3-8584-8fae104c7fb1,5c837c17-48d8-457c-8f03-7b464520738a,,12,,The Big Board,20b6d363-f4e6-472a-be06-871d6b3e5a14,10,2000000,223200,,,,,,,,,,
2026-02-28 21:29:58 UTC,170,577d1148-51f9-499a-b885-856a9d29af76,Mike,Washington Jr.,,RB,e9db9787-0327-40e7-9ae4-156c08c7376c,d5389839-90c7-442d-ad91-603b26fa55b0,,12,,The Big Board,20b6d363-f4e6-472a-be06-871d6b3e5a14,10,2000000,223200,,,,,,,,,,
2026-01-30 18:26:57 UTC,221,272c0c1a-726e-4b36-9e6c-e37e4f8d96d9,Devin,Neal,NO,RB,e0b467d9-730f-4d0e-9d35-0158db14de20,c1033cdf-f029-43b6-b8ab-bbf1f1d130f3,,12,,The Little Board,bd240943-36bf-459c-9c89-7d70301a50ac,3,500000,189000,,,,,,,,,,
2026-03-12 17:38:59 UTC,18,304e1943-e0ce-405e-ac05-1cc99c255fdb,Kenneth,Walker III,KC,RB,b7317ea3-957a-4f34-8897-90c59a3a35f3,a79c3111-74b3-4f65-a182-923b718cbabb,,12,,The Little Board,bd240943-36bf-459c-9c89-7d70301a50ac,3,500000,189000,,,,,,,,,,
2026-03-10 01:53:51 UTC,153,926480b1-04f4-4476-8e7e-def8df249925,Kayshon,Boutte,NE,WR,61252b5d-ed8d-48c3-8584-8fae104c7fb1,5c837c17-48d8-457c-8f03-7b464520738a,,12,,The Big Board,20b6d363-f4e6-472a-be06-871d6b3e5a14,10,2000000,223200,,,,,,,,,,
2026-03-19 00:50:56 UTC,169,63e6cd88-ebad-4d92-9ca5-ac66bfdaf8a3,Tyreek,Hill,,WR,8b3ee1cc-5646-487a-a7d4-195e1ac59cf3,e84dd89f-888a-4393-a64f-3b83019b8cd5,,12,,The Big Board,20b6d363-f4e6-472a-be06-871d6b3e5a14,10,2000000,223200,,,,,,,,,,
2026-03-10 02:01:15 UTC,184,e1d1b6a6-bdb6-4b4b-85e0-5e2e13f522c3,Keaton,Mitchell,LAC,RB,61252b5d-ed8d-48c3-8584-8fae104c7fb1,5c837c17-48d8-457c-8f03-7b464520738a,,12,,The Big Board,20b6d363-f4e6-472a-be06-871d6b3e5a14,10,2000000,223200,,,,,,,,,,
2026-02-28 21:23:31 UTC,122,a9799cdb-e946-427d-8ad6-f2416165c86c,Emmett,Johnson,,RB,e9db9787-0327-40e7-9ae4-156c08c7376c,d5389839-90c7-442d-ad91-603b26fa55b0,,12,,The Big Board,20b6d363-f4e6-472a-be06-871d6b3e5a14,10,2000000,223200,,,,,,,,,,
2026-02-28 21:09:53 UTC,23,73be3f6c-913e-4764-ad06-d67b5a277539,Tee,Higgins,CIN,WR,e9db9787-0327-40e7-9ae4-156c08c7376c,d5389839-90c7-442d-ad91-603b26fa55b0,,12,,The Big Board,20b6d363-f4e6-472a-be06-871d6b3e5a14,10,2000000,223200,,,,,,,,,,
2026-03-09 17:25:42 UTC,214,169ab4a9-bca9-47db-9db0-ed4ec3acbf2f,Ted,Hurst,,WR,2b8f6727-217c-42e2-8fb4-9bdcf77d2db6,c8e065c9-083e-4b90-8c96-fe3333697644,,12,,The Little Board,bd240943-36bf-459c-9c89-7d70301a50ac,3,500000,189000,,,,,,,,,,
2026-01-30 18:13:48 UTC,140,782b59cd-fabd-4fe8-81fd-ca28c6c21612,Pat,Bryant,DEN,WR,e0b467d9-730f-4d0e-9d35-0158db14de20,c1033cdf-f029-43b6-b8ab-bbf1f1d130f3,,12,,The Little Board,bd240943-36bf-459c-9c89-7d70301a50ac,3,500000,189000,,,,,,,,,,
2026-02-28 21:35:46 UTC,215,f664cfe3-c377-4cc9-89b4-8cc2938ea033,Ollie,Gordon,MIA,RB,e9db9787-0327-40e7-9ae4-156c08c7376c,d5389839-90c7-442d-ad91-603b26fa55b0,,12,,The Big Board,20b6d363-f4e6-472a-be06-871d6b3e5a14,10,2000000,223200,,,,,,,,,,
2026-01-30 18:00:16 UTC,53,be1270d5-0970-47e5-ae48-9a3fc9266d02,Jaylen,Waddle,DEN,WR,e0b467d9-730f-4d0e-9d35-0158db14de20,c1033cdf-f029-43b6-b8ab-bbf1f1d130f3,,12,,The Little Board,bd240943-36bf-459c-9c89-7d70301a50ac,3,500000,189000,,,,,,,,,,
2026-03-19 00:40:26 UTC,97,4e6563d4-e35d-427c-a4c6-031f5aca04b4,Jordan,Love,GB,QB,8b3ee1cc-5646-487a-a7d4-195e1ac59cf3,e84dd89f-888a-4393-a64f-3b83019b8cd5,,12,,The Big Board,20b6d363-f4e6-472a-be06-871d6b3e5a14,10,2000000,223200,,,,,,,,,,
2026-03-12 17:47:11 UTC,66,afb04f45-45eb-4105-846b-2c0067fc25af,Marvin,Harrison,ARI,WR,b7317ea3-957a-4f34-8897-90c59a3a35f3,a79c3111-74b3-4f65-a182-923b718cbabb,,12,,The Little Board,bd240943-36bf-459c-9c89-7d70301a50ac,3,500000,189000,,,,,,,,,,
2026-01-30 17:58:52 UTC,44,6f0a1ed6-9942-41f4-94aa-3067c110d0e2,Lamar,Jackson,BAL,QB,e0b467d9-730f-4d0e-9d35-0158db14de20,c1033cdf-f029-43b6-b8ab-bbf1f1d130f3,,12,,The Little Board,bd240943-36bf-459c-9c89-7d70301a50ac,3,500000,189000,,,,,,,,,,
2026-03-03 13:59:22 UTC,192,ac1e7c91-0f2e-4a04-9f41-df3e3e7a25bd,Eli,Stowers,,TE,33146654-070e-4d3e-8806-97ef5a6d2064,d3501611-1cce-47dc-ae9a-1a1c20291853,,12,,The Little Board,bd240943-36bf-459c-9c89-7d70301a50ac,3,500000,189000,,,,,,,,,,
2026-03-12 18:05:03 UTC,175,af9d15c0-f214-4bdd-9127-78092bf6ed93,Sean,Tucker,TB,RB,b7317ea3-957a-4f34-8897-90c59a3a35f3,a79c3111-74b3-4f65-a182-923b718cbabb,,12,,The Little Board,bd240943-36bf-459c-9c89-7d70301a50ac,3,500000,189000,,,,,,,,,,
2026-02-19 00:37:13 UTC,226,5230da50-3bd5-4d76-a0a9-d043532f926b,George,Holani,SEA,RB,d53c8477-9da5-4ce1-be6f-0eff8db19e08,d5c2f35a-5fda-4493-8a30-ea1b544a00eb,,12,,The Big Board,20b6d363-f4e6-472a-be06-871d6b3e5a14,10,2000000,223200,,,,,,,,,,
2026-03-09 17:06:37 UTC,94,40eba077-feae-4371-838b-13b5a8764603,Brock,Purdy,SF,QB,2b8f6727-217c-42e2-8fb4-9bdcf77d2db6,c8e065c9-083e-4b90-8c96-fe3333697644,,12,,The Little Board,bd240943-36bf-459c-9c89-7d70301a50ac,3,500000,189000,,,,,,,,,,
2026-02-11 03:47:15 UTC,169,da3df14f-7e24-4905-82c8-b98bbd8a1f59,Michael,Penix,ATL,QB,c00dcd3a-975b-4fca-81fb-74c6d7071add,3ec15792-a5bf-48db-9d68-2502f0fda271,,12,,The Big Board,20b6d363-f4e6-472a-be06-871d6b3e5a14,10,2000000,223200,,,,,,,,,,
2026-02-28 21:29:29 UTC,167,da3df14f-7e24-4905-82c8-b98bbd8a1f59,Michael,Penix,ATL,QB,e9db9787-0327-40e7-9ae4-156c08c7376c,d5389839-90c7-442d-ad91-603b26fa55b0,,12,,The Big Board,20b6d363-f4e6-472a-be06-871d6b3e5a14,10,2000000,223200,,,,,,,,,,
2026-03-09 16:58:24 UTC,46,da3b7413-c653-46d4-abae-1b539138525f,Colston,Loveland,CHI,TE,2b8f6727-217c-42e2-8fb4-9bdcf77d2db6,c8e065c9-083e-4b90-8c96-fe3333697644,,12,,The Little Board,bd240943-36bf-459c-9c89-7d70301a50ac,3,500000,189000,,,,,,,,,,
2026-03-09 17:11:50 UTC,123,68f1481d-0941-40aa-81ea-38f1e8705320,Tyrone,Tracy,NYG,RB,2b8f6727-217c-42e2-8fb4-9bdcf77d2db6,c8e065c9-083e-4b90-8c96-fe3333697644,,12,,The Little Board,bd240943-36bf-459c-9c89-7d70301a50ac,3,500000,189000,,,,,,,,,,
2026-03-01 16:19:54 UTC,234,2dddf16c-96fb-4725-aabd-e60371e7853e,Colbie,Young,,WR,371f173a-8add-44fc-8c56-0cbf5738c83f,3adee8e2-1269-4eb0-a387-75b8d3d9567f,,12,,The Little Board,bd240943-36bf-459c-9c89-7d70301a50ac,3,500000,189000,,,,,,,,,,
2026-03-10 01:29:27 UTC,40,ecfeab79-505c-42b9-b0db-c0905139f8e1,Zay,Flowers,BAL,WR,61252b5d-ed8d-48c3-8584-8fae104c7fb1,5c837c17-48d8-457c-8f03-7b464520738a,,12,,The Big Board,20b6d363-f4e6-472a-be06-871d6b3e5a14,10,2000000,223200,,,,,,,,,,
2026-02-19 00:15:33 UTC,82,142fcc25-dca6-4ed8-b976-ef44d7a8051e,Alec,Pierce,IND,WR,d53c8477-9da5-4ce1-be6f-0eff8db19e08,d5c2f35a-5fda-4493-8a30-ea1b544a00eb,,12,,The Big Board,20b6d363-f4e6-472a-be06-871d6b3e5a14,10,2000000,223200,,,,,,,,,,
2026-02-28 21:16:45 UTC,74,f3630521-c13b-45ff-9fd4-b22234d3d09d,Harold,Fannin,CLE,TE,e9db9787-0327-40e7-9ae4-156c08c7376c,d5389839-90c7-442d-ad91-603b26fa55b0,,12,,The Big Board,20b6d363-f4e6-472a-be06-871d6b3e5a14,10,2000000,223200,,,,,,,,,,
2026-02-19 00:19:35 UTC,106,386c2f4c-5b7e-4244-af32-c9e80cc9c5cb,Jonah,Coleman,,RB,d53c8477-9da5-4ce1-be6f-0eff8db19e08,d5c2f35a-5fda-4493-8a30-ea1b544a00eb,,12,,The Big Board,20b6d363-f4e6-472a-be06-871d6b3e5a14,10,2000000,223200,,,,,,,,,,
2026-02-11 03:33:11 UTC,73,d1284cb3-7f71-4d90-974d-ebbdcabdf985,Tucker,Kraft,GB,TE,c00dcd3a-975b-4fca-81fb-74c6d7071add,3ec15792-a5bf-48db-9d68-2502f0fda271,,12,,The Big Board,20b6d363-f4e6-472a-be06-871d6b3e5a14,10,2000000,223200,,,,,,,,,,
2026-03-12 18:08:57 UTC,199,7d4a34b2-a0df-467f-bc7c-06cf8d8eb5e9,Zachariah,Branch,,WR,b7317ea3-957a-4f34-8897-90c59a3a35f3,a79c3111-74b3-4f65-a182-923b718cbabb,,12,,The Little Board,bd240943-36bf-459c-9c89-7d70301a50ac,3,500000,189000,,,,,,,,,,
2026-02-28 21:13:06 UTC,47,e0d405cf-c879-4d4e-bad3-29d42c1e2287,Terry,McLaurin,WAS,WR,e9db9787-0327-40e7-9ae4-156c08c7376c,d5389839-90c7-442d-ad91-603b26fa55b0,,12,,The Big Board,20b6d363-f4e6-472a-be06-871d6b3e5a14,10,2000000,223200,,,,,,,,,,
2026-01-30 18:15:05 UTC,149,30fb79f0-b3cb-416b-b641-512fc05272c7,Mark,Andrews,BAL,TE,e0b467d9-730f-4d0e-9d35-0158db14de20,c1033cdf-f029-43b6-b8ab-bbf1f1d130f3,,12,,The Little Board,bd240943-36bf-459c-9c89-7d70301a50ac,3,500000,189000,,,,,,,,,,
2026-02-16 01:18:52 UTC,49,e0d405cf-c879-4d4e-bad3-29d42c1e2287,Terry,McLaurin,WAS,WR,33146654-070e-4d3e-8806-97ef5a6d2064,d3501611-1cce-47dc-ae9a-1a1c20291853,,12,,The Little Board,bd240943-36bf-459c-9c89-7d70301a50ac,3,500000,189000,,,,,,,,,,
2026-03-03 14:00:07 UTC,193,d84bc886-2afe-4653-ae09-9c51f182c3f1,Ryan,Flournoy,DAL,WR,33146654-070e-4d3e-8806-97ef5a6d2064,d3501611-1cce-47dc-ae9a-1a1c20291853,,12,,The Little Board,bd240943-36bf-459c-9c89-7d70301a50ac,3,500000,189000,,,,,,,,,,
2026-02-28 21:22:54 UTC,119,d866415f-1e04-46b0-b3c8-a7dcfcf10fb0,Jayden,Higgins,HOU,WR,e9db9787-0327-40e7-9ae4-156c08c7376c,d5389839-90c7-442d-ad91-603b26fa55b0,,12,,The Big Board,20b6d363-f4e6-472a-be06-871d6b3e5a14,10,2000000,223200,,,,,,,,,,
2026-03-01 16:16:48 UTC,210,01a7c7e6-871d-4ba5-a1fc-edf1ff0ad908,Kaleb,Johnson,PIT,RB,371f173a-8add-44fc-8c56-0cbf5738c83f,3adee8e2-1269-4eb0-a387-75b8d3d9567f,,12,,The Little Board,bd240943-36bf-459c-9c89-7d70301a50ac,3,500000,189000,,,,,,,,,,
2026-03-10 01:23:39 UTC,9,c3ac9e53-e016-45e7-863a-e109a88eaee2,James,Cook,BUF,RB,61252b5d-ed8d-48c3-8584-8fae104c7fb1,5c837c17-48d8-457c-8f03-7b464520738a,,12,,The Big Board,20b6d363-f4e6-472a-be06-871d6b3e5a14,10,2000000,223200,,,,,,,,,,
2026-02-19 00:16:28 UTC,87,0c3af97a-d800-4e73-aa0d-7eaa10d9aa91,Xavier,Worthy,KC,WR,d53c8477-9da5-4ce1-be6f-0eff8db19e08,d5c2f35a-5fda-4493-8a30-ea1b544a00eb,,12,,The Big Board,20b6d363-f4e6-472a-be06-871d6b3e5a14,10,2000000,223200,,,,,,,,,,
2026-03-09 17:01:56 UTC,70,6e6ce49b-45e4-4f05-84ef-7ae66c1668e8,Parker,Washington,JAX,WR,2b8f6727-217c-42e2-8fb4-9bdcf77d2db6,c8e065c9-083e-4b90-8c96-fe3333697644,,12,,The Little Board,bd240943-36bf-459c-9c89-7d70301a50ac,3,500000,189000,,,,,,,,,,
2026-02-11 03:25:46 UTC,24,d081b2f7-180c-49a4-bf3e-4968e14d68c0,George,Pickens,DAL,WR,c00dcd3a-975b-4fca-81fb-74c6d7071add,3ec15792-a5bf-48db-9d68-2502f0fda271,,12,,The Big Board,20b6d363-f4e6-472a-be06-871d6b3e5a14,10,2000000,223200,,,,,,,,,,
2026-03-09 17:21:41 UTC,190,ac1e7c91-0f2e-4a04-9f41-df3e3e7a25bd,Eli,Stowers,,TE,2b8f6727-217c-42e2-8fb4-9bdcf77d2db6,c8e065c9-083e-4b90-8c96-fe3333697644,,12,,The Little Board,bd240943-36bf-459c-9c89-7d70301a50ac,3,500000,189000,,,,,,,,,,
2026-03-19 00:53:52 UTC,192,d19b1dcd-eec7-4301-96b7-881b2eb62b71,Isaac,TeSlaa,DET,WR,8b3ee1cc-5646-487a-a7d4-195e1ac59cf3,e84dd89f-888a-4393-a64f-3b83019b8cd5,,12,,The Big Board,20b6d363-f4e6-472a-be06-871d6b3e5a14,10,2000000,223200,,,,,,,,,,
2026-03-19 00:54:03 UTC,193,d84bc886-2afe-4653-ae09-9c51f182c3f1,Ryan,Flournoy,DAL,WR,8b3ee1cc-5646-487a-a7d4-195e1ac59cf3,e84dd89f-888a-4393-a64f-3b83019b8cd5,,12,,The Big Board,20b6d363-f4e6-472a-be06-871d6b3e5a14,10,2000000,223200,,,,,,,,,,
2026-03-01 16:12:03 UTC,175,d09dca3c-77d3-4d9f-bb11-e27826513dd9,Elijah,Sarratt,,WR,371f173a-8add-44fc-8c56-0cbf5738c83f,3adee8e2-1269-4eb0-a387-75b8d3d9567f,,12,,The Little Board,bd240943-36bf-459c-9c89-7d70301a50ac,3,500000,189000,,,,,,,,,,
2026-02-28 21:33:14 UTC,194,4e8b6a26-f015-4ac3-9614-43d47a520e45,Emanuel,Wilson,SEA,RB,e9db9787-0327-40e7-9ae4-156c08c7376c,d5389839-90c7-442d-ad91-603b26fa55b0,,12,,The Big Board,20b6d363-f4e6-472a-be06-871d6b3e5a14,10,2000000,223200,,,,,,,,,,
2026-02-26 11:49:08 UTC,144,d1acaad7-989a-4ef1-b2af-3d7c8fb104ea,Bryce,Young,CAR,QB,33146654-070e-4d3e-8806-97ef5a6d2064,d3501611-1cce-47dc-ae9a-1a1c20291853,,12,,The Little Board,bd240943-36bf-459c-9c89-7d70301a50ac,3,500000,189000,,,,,,,,,,
2026-02-28 21:20:28 UTC,98,d5c15f83-be4d-4023-9c2b-d71fdcea928b,Chuba,Hubbard,CAR,RB,e9db9787-0327-40e7-9ae4-156c08c7376c,d5389839-90c7-442d-ad91-603b26fa55b0,,12,,The Big Board,20b6d363-f4e6-472a-be06-871d6b3e5a14,10,2000000,223200,,,,,,,,,,
2026-03-10 02:08:50 UTC,225,f664cfe3-c377-4cc9-89b4-8cc2938ea033,Ollie,Gordon,MIA,RB,61252b5d-ed8d-48c3-8584-8fae104c7fb1,5c837c17-48d8-457c-8f03-7b464520738a,,12,,The Big Board,20b6d363-f4e6-472a-be06-871d6b3e5a14,10,2000000,223200,,,,,,,,,,
2026-01-30 18:03:37 UTC,77,29ab2065-18c7-4619-bfb9-608800ffedf4,Kyle,Pitts,ATL,TE,e0b467d9-730f-4d0e-9d35-0158db14de20,c1033cdf-f029-43b6-b8ab-bbf1f1d130f3,,12,,The Little Board,bd240943-36bf-459c-9c89-7d70301a50ac,3,500000,189000,,,,,,,,,,
2026-03-09 17:15:17 UTC,147,a9799cdb-e946-427d-8ad6-f2416165c86c,Emmett,Johnson,,RB,2b8f6727-217c-42e2-8fb4-9bdcf77d2db6,c8e065c9-083e-4b90-8c96-fe3333697644,,12,,The Little Board,bd240943-36bf-459c-9c89-7d70301a50ac,3,500000,189000,,,,,,,,,,
2026-03-01 16:08:29 UTC,151,926480b1-04f4-4476-8e7e-def8df249925,Kayshon,Boutte,NE,WR,371f173a-8add-44fc-8c56-0cbf5738c83f,3adee8e2-1269-4eb0-a387-75b8d3d9567f,,12,,The Little Board,bd240943-36bf-459c-9c89-7d70301a50ac,3,500000,189000,,,,,,,,,,
2026-02-18 04:55:00 UTC,73,144022e3-3547-4059-b5cf-b2a351b22307,Drake,Maye,NE,QB,33146654-070e-4d3e-8806-97ef5a6d2064,d3501611-1cce-47dc-ae9a-1a1c20291853,,12,,The Little Board,bd240943-36bf-459c-9c89-7d70301a50ac,3,500000,189000,,,,,,,,,,
2026-02-28 21:10:24 UTC,26,7fc0aee4-38db-42f5-919d-52da687dedf4,Chase,Brown,CIN,RB,e9db9787-0327-40e7-9ae4-156c08c7376c,d5389839-90c7-442d-ad91-603b26fa55b0,,12,,The Big Board,20b6d363-f4e6-472a-be06-871d6b3e5a14,10,2000000,223200,,,,,,,,,,
2026-03-09 17:29:20 UTC,238,a5e721fb-ff37-4e01-82fc-2a59cc74d201,Jaydon,Blue,DAL,RB,2b8f6727-217c-42e2-8fb4-9bdcf77d2db6,c8e065c9-083e-4b90-8c96-fe3333697644,,12,,The Little Board,bd240943-36bf-459c-9c89-7d70301a50ac,3,500000,189000,,,,,,,,,,
2026-03-10 01:44:02 UTC,105,e47bda15-7f48-4397-a807-ac670a9109b3,Oronde,Gadsden,LAC,TE,61252b5d-ed8d-48c3-8584-8fae104c7fb1,5c837c17-48d8-457c-8f03-7b464520738a,,12,,The Big Board,20b6d363-f4e6-472a-be06-871d6b3e5a14,10,2000000,223200,,,,,,,,,,
2026-03-10 01:56:06 UTC,160,fc569b39-da9b-4491-88a8-888f94ac25e0,Isaiah,Likely,NYG,TE,61252b5d-ed8d-48c3-8584-8fae104c7fb1,5c837c17-48d8-457c-8f03-7b464520738a,,12,,The Big Board,20b6d363-f4e6-472a-be06-871d6b3e5a14,10,2000000,223200,,,,,,,,,,
2026-02-11 03:26:06 UTC,25,812b5ae1-3e06-44b2-b67b-a82a49575f0d,Chris,Olave,NO,WR,c00dcd3a-975b-4fca-81fb-74c6d7071add,3ec15792-a5bf-48db-9d68-2502f0fda271,,12,,The Big Board,20b6d363-f4e6-472a-be06-871d6b3e5a14,10,2000000,223200,,,,,,,,,,
2026-03-19 00:50:38 UTC,168,8951e1bb-aed2-40ff-9f40-f09197f7ffd2,Adonai,Mitchell,NYJ,WR,8b3ee1cc-5646-487a-a7d4-195e1ac59cf3,e84dd89f-888a-4393-a64f-3b83019b8cd5,,12,,The Big Board,20b6d363-f4e6-472a-be06-871d6b3e5a14,10,2000000,223200,,,,,,,,,,
2026-03-10 01:50:25 UTC,136,63e6cd88-ebad-4d92-9ca5-ac66bfdaf8a3,Tyreek,Hill,,WR,61252b5d-ed8d-48c3-8584-8fae104c7fb1,5c837c17-48d8-457c-8f03-7b464520738a,,12,,The Big Board,20b6d363-f4e6-472a-be06-871d6b3e5a14,10,2000000,223200,,,,,,,,,,
2026-03-05 19:45:30 UTC,216,1a9a34d4-5672-4ca9-9f2b-866808a9c0c6,Kirk,Cousins,,QB,33146654-070e-4d3e-8806-97ef5a6d2064,d3501611-1cce-47dc-ae9a-1a1c20291853,,12,,The Little Board,bd240943-36bf-459c-9c89-7d70301a50ac,3,500000,189000,,,,,,,,,,
2026-03-09 17:17:38 UTC,166,af9d15c0-f214-4bdd-9127-78092bf6ed93,Sean,Tucker,TB,RB,2b8f6727-217c-42e2-8fb4-9bdcf77d2db6,c8e065c9-083e-4b90-8c96-fe3333697644,,12,,The Little Board,bd240943-36bf-459c-9c89-7d70301a50ac,3,500000,189000,,,,,,,,,,
2026-03-10 01:25:08 UTC,16,9c056ba5-502c-4584-85e2-e605ff46b47a,Saquon,Barkley,PHI,RB,61252b5d-ed8d-48c3-8584-8fae104c7fb1,5c837c17-48d8-457c-8f03-7b464520738a,,12,,The Big Board,20b6d363-f4e6-472a-be06-871d6b3e5a14,10,2000000,223200,,,,,,,,,,
2026-02-11 03:56:03 UTC,240,1a9a34d4-5672-4ca9-9f2b-866808a9c0c6,Kirk,Cousins,,QB,c00dcd3a-975b-4fca-81fb-74c6d7071add,3ec15792-a5bf-48db-9d68-2502f0fda271,,12,,The Big Board,20b6d363-f4e6-472a-be06-871d6b3e5a14,10,2000000,223200,,,,,,,,,,
2026-02-28 21:26:21 UTC,146,a586d9bf-05b3-4f40-a43a-9c03e3994050,Jordan,Mason,MIN,RB,e9db9787-0327-40e7-9ae4-156c08c7376c,d5389839-90c7-442d-ad91-603b26fa55b0,,12,,The Big Board,20b6d363-f4e6-472a-be06-871d6b3e5a14,10,2000000,223200,,,,,,,,,,
2026-02-28 21:16:13 UTC,71,6e6ce49b-45e4-4f05-84ef-7ae66c1668e8,Parker,Washington,JAX,WR,e9db9787-0327-40e7-9ae4-156c08c7376c,d5389839-90c7-442d-ad91-603b26fa55b0,,12,,The Big Board,20b6d363-f4e6-472a-be06-871d6b3e5a14,10,2000000,223200,,,,,,,,,,
2026-03-19 00:37:02 UTC,72,6e6ce49b-45e4-4f05-84ef-7ae66c1668e8,Parker,Washington,JAX,WR,8b3ee1cc-5646-487a-a7d4-195e1ac59cf3,e84dd89f-888a-4393-a64f-3b83019b8cd5,,12,,The Big Board,20b6d363-f4e6-472a-be06-871d6b3e5a14,10,2000000,223200,,,,,,,,,,
2026-02-11 03:29:38 UTC,48,be1270d5-0970-47e5-ae48-9a3fc9266d02,Jaylen,Waddle,DEN,WR,c00dcd3a-975b-4fca-81fb-74c6d7071add,3ec15792-a5bf-48db-9d68-2502f0fda271,,12,,The Big Board,20b6d363-f4e6-472a-be06-871d6b3e5a14,10,2000000,223200,,,,,,,,,,
2026-03-19 00:43:56 UTC,121,0080fd75-8cb4-47fb-bd0c-ebaddb217186,Kenyon,Sadiq,,TE,8b3ee1cc-5646-487a-a7d4-195e1ac59cf3,e84dd89f-888a-4393-a64f-3b83019b8cd5,,12,,The Big Board,20b6d363-f4e6-472a-be06-871d6b3e5a14,10,2000000,223200,,,,,,,,,,
2026-03-10 01:27:48 UTC,33,73be3f6c-913e-4764-ad06-d67b5a277539,Tee,Higgins,CIN,WR,61252b5d-ed8d-48c3-8584-8fae104c7fb1,5c837c17-48d8-457c-8f03-7b464520738a,,12,,The Big Board,20b6d363-f4e6-472a-be06-871d6b3e5a14,10,2000000,223200,,,,,,,,,,
2026-02-21 04:49:13 UTC,96,cd2ef29a-f0ec-4c35-8ff9-7008459c9ea2,Stefon,Diggs,,WR,33146654-070e-4d3e-8806-97ef5a6d2064,d3501611-1cce-47dc-ae9a-1a1c20291853,,12,,The Little Board,bd240943-36bf-459c-9c89-7d70301a50ac,3,500000,189000,,,,,,,,,,
2026-01-30 18:21:43 UTC,188,0b9c1118-7fc7-40c6-acbf-fa868c438eda,Tory,Horton,SEA,WR,e0b467d9-730f-4d0e-9d35-0158db14de20,c1033cdf-f029-43b6-b8ab-bbf1f1d130f3,,12,,The Little Board,bd240943-36bf-459c-9c89-7d70301a50ac,3,500000,189000,,,,,,,,,,
2026-03-19 00:47:30 UTC,144,f4586722-eee7-4bbc-aa76-88241282ac2f,Chris,Rodriguez,JAX,RB,8b3ee1cc-5646-487a-a7d4-195e1ac59cf3,e84dd89f-888a-4393-a64f-3b83019b8cd5,,12,,The Big Board,20b6d363-f4e6-472a-be06-871d6b3e5a14,10,2000000,223200,,,,,,,,,,
2026-03-10 02:05:37 UTC,208,d84bc886-2afe-4653-ae09-9c51f182c3f1,Ryan,Flournoy,DAL,WR,61252b5d-ed8d-48c3-8584-8fae104c7fb1,5c837c17-48d8-457c-8f03-7b464520738a,,12,,The Big Board,20b6d363-f4e6-472a-be06-871d6b3e5a14,10,2000000,223200,,,,,,,,,,
2026-02-28 21:19:46 UTC,95,0c3af97a-d800-4e73-aa0d-7eaa10d9aa91,Xavier,Worthy,KC,WR,e9db9787-0327-40e7-9ae4-156c08c7376c,d5389839-90c7-442d-ad91-603b26fa55b0,,12,,The Big Board,20b6d363-f4e6-472a-be06-871d6b3e5a14,10,2000000,223200,,,,,,,,,,
2026-03-12 18:14:28 UTC,234,f367bc00-12bb-4b39-bb7b-c23266d8fbad,Darnell,Washington,PIT,TE,b7317ea3-957a-4f34-8897-90c59a3a35f3,a79c3111-74b3-4f65-a182-923b718cbabb,,12,,The Little Board,bd240943-36bf-459c-9c89-7d70301a50ac,3,500000,189000,,,,,,,,,,
2026-03-01 16:02:56 UTC,114,b8453ed0-6d82-4474-a108-128336891830,Jalen,Coker,CAR,WR,371f173a-8add-44fc-8c56-0cbf5738c83f,3adee8e2-1269-4eb0-a387-75b8d3d9567f,,12,,The Little Board,bd240943-36bf-459c-9c89-7d70301a50ac,3,500000,189000,,,,,,,,,,
2026-03-19 00:33:42 UTC,49,067a8cdc-ed3a-4bd7-8a89-7ec44e819aaf,Christian,Watson,GB,WR,8b3ee1cc-5646-487a-a7d4-195e1ac59cf3,e84dd89f-888a-4393-a64f-3b83019b8cd5,,12,,The Big Board,20b6d363-f4e6-472a-be06-871d6b3e5a14,10,2000000,223200,,,,,,,,,,
2026-02-19 00:27:49 UTC,159,f3350e4c-a3bf-496c-97ee-3433f7794553,Troy,Franklin,DEN,WR,d53c8477-9da5-4ce1-be6f-0eff8db19e08,d5c2f35a-5fda-4493-8a30-ea1b544a00eb,,12,,The Big Board,20b6d363-f4e6-472a-be06-871d6b3e5a14,10,2000000,223200,,,,,,,,,,
2026-02-23 01:13:04 UTC,121,a9799cdb-e946-427d-8ad6-f2416165c86c,Emmett,Johnson,,RB,33146654-070e-4d3e-8806-97ef5a6d2064,d3501611-1cce-47dc-ae9a-1a1c20291853,,12,,The Little Board,bd240943-36bf-459c-9c89-7d70301a50ac,3,500000,189000,,,,,,,,,,
2026-03-01 15:50:04 UTC,18,ad9c279e-9352-4475-8beb-06f169e19532,Trey,McBride,ARI,TE,371f173a-8add-44fc-8c56-0cbf5738c83f,3adee8e2-1269-4eb0-a387-75b8d3d9567f,,12,,The Little Board,bd240943-36bf-459c-9c89-7d70301a50ac,3,500000,189000,,,,,,,,,,
2026-02-19 00:27:13 UTC,154,0e759258-47eb-4ded-af7f-6ffce9ab2ad8,Cam,Ward,TEN,QB,d53c8477-9da5-4ce1-be6f-0eff8db19e08,d5c2f35a-5fda-4493-8a30-ea1b544a00eb,,12,,The Big Board,20b6d363-f4e6-472a-be06-871d6b3e5a14,10,2000000,223200,,,,,,,,,,
2026-02-19 00:23:25 UTC,130,74495a7e-40fd-4779-8599-af4dd40ec864,Brenton,Strange,JAX,TE,d53c8477-9da5-4ce1-be6f-0eff8db19e08,d5c2f35a-5fda-4493-8a30-ea1b544a00eb,,12,,The Big Board,20b6d363-f4e6-472a-be06-871d6b3e5a14,10,2000000,223200,,,,,,,,,,
2026-01-30 18:19:09 UTC,173,326bb735-d387-45b4-86bd-66066b01fd9d,Tre,Tucker,LV,WR,e0b467d9-730f-4d0e-9d35-0158db14de20,c1033cdf-f029-43b6-b8ab-bbf1f1d130f3,,12,,The Little Board,bd240943-36bf-459c-9c89-7d70301a50ac,3,500000,189000,,,,,,,,,,
2026-02-11 03:21:47 UTC,1,b01bb761-f415-43c6-9e28-ba81d9e75025,Bijan,Robinson,ATL,RB,c00dcd3a-975b-4fca-81fb-74c6d7071add,3ec15792-a5bf-48db-9d68-2502f0fda271,,12,,The Big Board,20b6d363-f4e6-472a-be06-871d6b3e5a14,10,2000000,223200,,,,,,,,,,
2026-02-11 03:40:30 UTC,120,386c2f4c-5b7e-4244-af32-c9e80cc9c5cb,Jonah,Coleman,,RB,c00dcd3a-975b-4fca-81fb-74c6d7071add,3ec15792-a5bf-48db-9d68-2502f0fda271,,12,,The Big Board,20b6d363-f4e6-472a-be06-871d6b3e5a14,10,2000000,223200,,,,,,,,,,
2026-03-09 16:54:39 UTC,22,7fc0aee4-38db-42f5-919d-52da687dedf4,Chase,Brown,CIN,RB,2b8f6727-217c-42e2-8fb4-9bdcf77d2db6,c8e065c9-083e-4b90-8c96-fe3333697644,,12,,The Little Board,bd240943-36bf-459c-9c89-7d70301a50ac,3,500000,189000,,,,,,,,,,
2026-02-11 03:37:14 UTC,97,62fa37cc-8a68-42e5-abe5-5bddd81891d8,Jayden,Reed,GB,WR,c00dcd3a-975b-4fca-81fb-74c6d7071add,3ec15792-a5bf-48db-9d68-2502f0fda271,,12,,The Big Board,20b6d363-f4e6-472a-be06-871d6b3e5a14,10,2000000,223200,,,,,,,,,,
2026-03-12 17:53:08 UTC,103,de654ca0-571f-4ce8-9ed9-9a8f76d93ac8,Bo,Nix,DEN,QB,b7317ea3-957a-4f34-8897-90c59a3a35f3,a79c3111-74b3-4f65-a182-923b718cbabb,,12,,The Little Board,bd240943-36bf-459c-9c89-7d70301a50ac,3,500000,189000,,,,,,,,,,
2026-02-11 03:49:51 UTC,192,0b9c1118-7fc7-40c6-acbf-fa868c438eda,Tory,Horton,SEA,WR,c00dcd3a-975b-4fca-81fb-74c6d7071add,3ec15792-a5bf-48db-9d68-2502f0fda271,,12,,The Big Board,20b6d363-f4e6-472a-be06-871d6b3e5a14,10,2000000,223200,,,,,,,,,,
2026-03-09 17:10:52 UTC,118,0080fd75-8cb4-47fb-bd0c-ebaddb217186,Kenyon,Sadiq,,TE,2b8f6727-217c-42e2-8fb4-9bdcf77d2db6,c8e065c9-083e-4b90-8c96-fe3333697644,,12,,The Little Board,bd240943-36bf-459c-9c89-7d70301a50ac,3,500000,189000,,,,,,,,,,
2026-03-01 15:48:09 UTC,7,d0ee72eb-4443-41aa-889f-a24475b7db74,Jonathan,Taylor,IND,RB,371f173a-8add-44fc-8c56-0cbf5738c83f,3adee8e2-1269-4eb0-a387-75b8d3d9567f,,12,,The Little Board,bd240943-36bf-459c-9c89-7d70301a50ac,3,500000,189000,,,,,,,,,,
2026-02-11 03:32:54 UTC,72,8f0f38c0-e0e8-49ae-b633-1aeabf20d410,Jaxson,Dart,NYG,QB,c00dcd3a-975b-4fca-81fb-74c6d7071add,3ec15792-a5bf-48db-9d68-2502f0fda271,,12,,The Big Board,20b6d363-f4e6-472a-be06-871d6b3e5a14,10,2000000,223200,,,,,,,,,,
2026-03-12 18:07:07 UTC,186,1d92b2b2-2506-435b-ad05-c656b09d8a8e,Gunnar,Helm,TEN,TE,b7317ea3-957a-4f34-8897-90c59a3a35f3,a79c3111-74b3-4f65-a182-923b718cbabb,,12,,The Little Board,bd240943-36bf-459c-9c89-7d70301a50ac,3,500000,189000,,,,,,,,,,
2026-03-10 01:59:40 UTC,177,67dc2068-98de-4e18-b93b-677dbebdf1d9,Kimani,Vidal,LAC,RB,61252b5d-ed8d-48c3-8584-8fae104c7fb1,5c837c17-48d8-457c-8f03-7b464520738a,,12,,The Big Board,20b6d363-f4e6-472a-be06-871d6b3e5a14,10,2000000,223200,,,,,,,,,,
2026-02-13 04:09:12 UTC,24,d081b2f7-180c-49a4-bf3e-4968e14d68c0,George,Pickens,DAL,WR,33146654-070e-4d3e-8806-97ef5a6d2064,d3501611-1cce-47dc-ae9a-1a1c20291853,,12,,The Little Board,bd240943-36bf-459c-9c89-7d70301a50ac,3,500000,189000,,,,,,,,,,
2026-01-30 18:29:17 UTC,236,4635e15c-34ba-4414-a722-58dc2e81547a,Mac,Jones,SF,QB,e0b467d9-730f-4d0e-9d35-0158db14de20,c1033cdf-f029-43b6-b8ab-bbf1f1d130f3,,12,,The Little Board,bd240943-36bf-459c-9c89-7d70301a50ac,3,500000,189000,,,,,,,,,,
2026-02-11 03:43:49 UTC,145,835f3c26-addd-4822-a694-8752d2eeb121,Trey,Benson,ARI,RB,c00dcd3a-975b-4fca-81fb-74c6d7071add,3ec15792-a5bf-48db-9d68-2502f0fda271,,12,,The Big Board,20b6d363-f4e6-472a-be06-871d6b3e5a14,10,2000000,223200,,,,,,,,,,
2026-03-19 00:30:17 UTC,24,7fc0aee4-38db-42f5-919d-52da687dedf4,Chase,Brown,CIN,RB,8b3ee1cc-5646-487a-a7d4-195e1ac59cf3,e84dd89f-888a-4393-a64f-3b83019b8cd5,,12,,The Big Board,20b6d363-f4e6-472a-be06-871d6b3e5a14,10,2000000,223200,,,,,,,,,,
2026-02-11 02:53:27 UTC,1,b01bb761-f415-43c6-9e28-ba81d9e75025,Bijan,Robinson,ATL,RB,33146654-070e-4d3e-8806-97ef5a6d2064,d3501611-1cce-47dc-ae9a-1a1c20291853,,12,,The Little Board,bd240943-36bf-459c-9c89-7d70301a50ac,3,500000,189000,,,,,,,,,,
2026-01-30 18:11:05 UTC,125,67207524-894f-453a-8fa4-44bf33b5703b,Tyler,Shough,NO,QB,e0b467d9-730f-4d0e-9d35-0158db14de20,c1033cdf-f029-43b6-b8ab-bbf1f1d130f3,,12,,The Little Board,bd240943-36bf-459c-9c89-7d70301a50ac,3,500000,189000,,,,,,,,,,
2026-03-12 17:57:43 UTC,127,85983b65-b7aa-4513-8e01-1b94d7867861,Matthew,Golden,GB,WR,b7317ea3-957a-4f34-8897-90c59a3a35f3,a79c3111-74b3-4f65-a182-923b718cbabb,,12,,The Little Board,bd240943-36bf-459c-9c89-7d70301a50ac,3,500000,189000,,,,,,,,,,
2026-03-19 00:58:08 UTC,217,f664cfe3-c377-4cc9-89b4-8cc2938ea033,Ollie,Gordon,MIA,RB,8b3ee1cc-5646-487a-a7d4-195e1ac59cf3,e84dd89f-888a-4393-a64f-3b83019b8cd5,,12,,The Big Board,20b6d363-f4e6-472a-be06-871d6b3e5a14,10,2000000,223200,,,,,,,,,,
2026-03-19 01:01:47 UTC,240,8852b212-06e9-4aae-9ea8-b4fb224d7b51,Oscar,Delp,,TE,8b3ee1cc-5646-487a-a7d4-195e1ac59cf3,e84dd89f-888a-4393-a64f-3b83019b8cd5,,12,,The Big Board,20b6d363-f4e6-472a-be06-871d6b3e5a14,10,2000000,223200,,,,,,,,,,
2026-02-23 01:12:55 UTC,120,386c2f4c-5b7e-4244-af32-c9e80cc9c5cb,Jonah,Coleman,,RB,33146654-070e-4d3e-8806-97ef5a6d2064,d3501611-1cce-47dc-ae9a-1a1c20291853,,12,,The Little Board,bd240943-36bf-459c-9c89-7d70301a50ac,3,500000,189000,,,,,,,,,,
2026-03-01 11:47:34 UTC,168,3e1e1a35-66fc-4687-922a-67be708da615,Jonathon,Brooks,CAR,RB,33146654-070e-4d3e-8806-97ef5a6d2064,d3501611-1cce-47dc-ae9a-1a1c20291853,,12,,The Little Board,bd240943-36bf-459c-9c89-7d70301a50ac,3,500000,189000,,,,,,,,,,
2026-03-09 16:59:03 UTC,51,15646db4-d97a-4fd0-91e4-d1941c672a25,D.J.,Moore,BUF,WR,2b8f6727-217c-42e2-8fb4-9bdcf77d2db6,c8e065c9-083e-4b90-8c96-fe3333697644,,12,,The Little Board,bd240943-36bf-459c-9c89-7d70301a50ac,3,500000,189000,,,,,,,,,,
2026-03-01 16:01:35 UTC,103,493029ea-6559-4da5-b912-89b4bc5a0fa0,Rico,Dowdle,PIT,RB,371f173a-8add-44fc-8c56-0cbf5738c83f,3adee8e2-1269-4eb0-a387-75b8d3d9567f,,12,,The Little Board,bd240943-36bf-459c-9c89-7d70301a50ac,3,500000,189000,,,,,,,,,,
2026-03-10 01:39:57 UTC,88,979a31b2-8567-4ca0-9cef-e3318c945141,Tyler,Allgeier,ARI,RB,61252b5d-ed8d-48c3-8584-8fae104c7fb1,5c837c17-48d8-457c-8f03-7b464520738a,,12,,The Big Board,20b6d363-f4e6-472a-be06-871d6b3e5a14,10,2000000,223200,,,,,,,,,,
2026-02-11 03:36:57 UTC,96,679c05b5-1aa5-452d-853e-ec868e43e0f8,Kyle,Monangai,CHI,RB,c00dcd3a-975b-4fca-81fb-74c6d7071add,3ec15792-a5bf-48db-9d68-2502f0fda271,,12,,The Big Board,20b6d363-f4e6-472a-be06-871d6b3e5a14,10,2000000,223200,,,,,,,,,,
2026-02-11 03:29:54 UTC,49,839ae7c3-b8bb-4049-94d0-abb4c41835fd,RJ,Harvey,DEN,RB,c00dcd3a-975b-4fca-81fb-74c6d7071add,3ec15792-a5bf-48db-9d68-2502f0fda271,,12,,The Big Board,20b6d363-f4e6-472a-be06-871d6b3e5a14,10,2000000,223200,,,,,,,,,,
2026-03-12 18:12:38 UTC,223,7be5aa07-458c-4718-891e-de1729d9c937,Mike,Gesicki,CIN,TE,b7317ea3-957a-4f34-8897-90c59a3a35f3,a79c3111-74b3-4f65-a182-923b718cbabb,,12,,The Little Board,bd240943-36bf-459c-9c89-7d70301a50ac,3,500000,189000,,,,,,,,,,
2026-03-12 17:49:10 UTC,79,55670954-1774-4848-9203-c67806037de4,Michael,Wilson,ARI,WR,b7317ea3-957a-4f34-8897-90c59a3a35f3,a79c3111-74b3-4f65-a182-923b718cbabb,,12,,The Little Board,bd240943-36bf-459c-9c89-7d70301a50ac,3,500000,189000,,,,,,,,,,
2026-03-10 01:34:44 UTC,64,c3d66be9-8247-4c7b-81e7-6d6df8b7c120,Joe,Burrow,CIN,QB,61252b5d-ed8d-48c3-8584-8fae104c7fb1,5c837c17-48d8-457c-8f03-7b464520738a,,12,,The Big Board,20b6d363-f4e6-472a-be06-871d6b3e5a14,10,2000000,223200,,,,,,,,,,
2026-02-11 03:43:34 UTC,144,926480b1-04f4-4476-8e7e-def8df249925,Kayshon,Boutte,NE,WR,c00dcd3a-975b-4fca-81fb-74c6d7071add,3ec15792-a5bf-48db-9d68-2502f0fda271,,12,,The Big Board,20b6d363-f4e6-472a-be06-871d6b3e5a14,10,2000000,223200,,,,,,,,,,
2026-03-10 01:45:13 UTC,112,4e6563d4-e35d-427c-a4c6-031f5aca04b4,Jordan,Love,GB,QB,61252b5d-ed8d-48c3-8584-8fae104c7fb1,5c837c17-48d8-457c-8f03-7b464520738a,,12,,The Big Board,20b6d363-f4e6-472a-be06-871d6b3e5a14,10,2000000,223200,,,,,,,,,,
2026-03-01 16:06:37 UTC,138,67207524-894f-453a-8fa4-44bf33b5703b,Tyler,Shough,NO,QB,371f173a-8add-44fc-8c56-0cbf5738c83f,3adee8e2-1269-4eb0-a387-75b8d3d9567f,,12,,The Little Board,bd240943-36bf-459c-9c89-7d70301a50ac,3,500000,189000,,,,,,,,,,
2026-03-09 17:22:56 UTC,195,d84bc886-2afe-4653-ae09-9c51f182c3f1,Ryan,Flournoy,DAL,WR,2b8f6727-217c-42e2-8fb4-9bdcf77d2db6,c8e065c9-083e-4b90-8c96-fe3333697644,,12,,The Little Board,bd240943-36bf-459c-9c89-7d70301a50ac,3,500000,189000,,,,,,,,,,
2026-03-09 17:07:34 UTC,99,0c3af97a-d800-4e73-aa0d-7eaa10d9aa91,Xavier,Worthy,KC,WR,2b8f6727-217c-42e2-8fb4-9bdcf77d2db6,c8e065c9-083e-4b90-8c96-fe3333697644,,12,,The Little Board,bd240943-36bf-459c-9c89-7d70301a50ac,3,500000,189000,,,,,,,,,,
2026-03-09 16:55:22 UTC,27,d945c683-2b49-4442-bdab-dce9a47e0815,A.J.,Brown,PHI,WR,2b8f6727-217c-42e2-8fb4-9bdcf77d2db6,c8e065c9-083e-4b90-8c96-fe3333697644,,12,,The Little Board,bd240943-36bf-459c-9c89-7d70301a50ac,3,500000,189000,,,,,,,,,,
2026-02-19 00:24:31 UTC,135,90ee5a59-5b0b-4b64-a075-3376298908fd,James,Conner,ARI,RB,d53c8477-9da5-4ce1-be6f-0eff8db19e08,d5c2f35a-5fda-4493-8a30-ea1b544a00eb,,12,,The Big Board,20b6d363-f4e6-472a-be06-871d6b3e5a14,10,2000000,223200,,,,,,,,,,
2026-03-01 15:53:12 UTC,42,da4cd799-901c-4092-afb1-ca44f9fe83e3,Cam,Skattebo,NYG,RB,371f173a-8add-44fc-8c56-0cbf5738c83f,3adee8e2-1269-4eb0-a387-75b8d3d9567f,,12,,The Little Board,bd240943-36bf-459c-9c89-7d70301a50ac,3,500000,189000,,,,,,,,,,
2026-03-01 16:04:51 UTC,127,afcbc726-e23f-447b-977e-1460016a2a86,Khalil,Shakir,BUF,WR,371f173a-8add-44fc-8c56-0cbf5738c83f,3adee8e2-1269-4eb0-a387-75b8d3d9567f,,12,,The Little Board,bd240943-36bf-459c-9c89-7d70301a50ac,3,500000,189000,,,,,,,,,,
2026-03-12 17:44:58 UTC,55,5ff0e40f-9de2-4c4a-87e4-3c68f5472a27,Rome,Odunze,CHI,WR,b7317ea3-957a-4f34-8897-90c59a3a35f3,a79c3111-74b3-4f65-a182-923b718cbabb,,12,,The Little Board,bd240943-36bf-459c-9c89-7d70301a50ac,3,500000,189000,,,,,,,,,,
2026-02-19 00:31:29 UTC,183,dd6719eb-1465-4a8c-82ad-4ed1b19468c8,Jacoby,Brissett,ARI,QB,d53c8477-9da5-4ce1-be6f-0eff8db19e08,d5c2f35a-5fda-4493-8a30-ea1b544a00eb,,12,,The Big Board,20b6d363-f4e6-472a-be06-871d6b3e5a14,10,2000000,223200,,,,,,,,,,
2026-03-01 16:18:32 UTC,223,f367bc00-12bb-4b39-bb7b-c23266d8fbad,Darnell,Washington,PIT,TE,371f173a-8add-44fc-8c56-0cbf5738c83f,3adee8e2-1269-4eb0-a387-75b8d3d9567f,,12,,The Little Board,bd240943-36bf-459c-9c89-7d70301a50ac,3,500000,189000,,,,,,,,,,
2026-03-10 02:10:34 UTC,232,169ab4a9-bca9-47db-9db0-ed4ec3acbf2f,Ted,Hurst,,WR,61252b5d-ed8d-48c3-8584-8fae104c7fb1,5c837c17-48d8-457c-8f03-7b464520738a,,12,,The Big Board,20b6d363-f4e6-472a-be06-871d6b3e5a14,10,2000000,223200,,,,,,,,,,
2026-02-19 00:08:05 UTC,34,73be3f6c-913e-4764-ad06-d67b5a277539,Tee,Higgins,CIN,WR,d53c8477-9da5-4ce1-be6f-0eff8db19e08,d5c2f35a-5fda-4493-8a30-ea1b544a00eb,,12,,The Big Board,20b6d363-f4e6-472a-be06-871d6b3e5a14,10,2000000,223200,,,,,,,,,,
2026-03-09 17:18:35 UTC,171,ce842e43-c32b-465a-8894-3bda0159e731,Chimere,Dike,TEN,WR,2b8f6727-217c-42e2-8fb4-9bdcf77d2db6,c8e065c9-083e-4b90-8c96-fe3333697644,,12,,The Little Board,bd240943-36bf-459c-9c89-7d70301a50ac,3,500000,189000,,,,,,,,,,
2026-02-11 03:50:12 UTC,193,75f67e73-dde0-4688-a8a3-3156e3a618ad,Jake,Tonges,SF,TE,c00dcd3a-975b-4fca-81fb-74c6d7071add,3ec15792-a5bf-48db-9d68-2502f0fda271,,12,,The Big Board,20b6d363-f4e6-472a-be06-871d6b3e5a14,10,2000000,223200,,,,,,,,,,
2026-02-19 00:05:12 UTC,15,ad9c279e-9352-4475-8beb-06f169e19532,Trey,McBride,ARI,TE,d53c8477-9da5-4ce1-be6f-0eff8db19e08,d5c2f35a-5fda-4493-8a30-ea1b544a00eb,,12,,The Big Board,20b6d363-f4e6-472a-be06-871d6b3e5a14,10,2000000,223200,,,,,,,,,,
2026-03-01 16:00:08 UTC,90,86f1cc56-83b8-4011-b88b-0a9245e79865,Dak,Prescott,DAL,QB,371f173a-8add-44fc-8c56-0cbf5738c83f,3adee8e2-1269-4eb0-a387-75b8d3d9567f,,12,,The Little Board,bd240943-36bf-459c-9c89-7d70301a50ac,3,500000,189000,,,,,,,,,,
2026-03-19 00:47:46 UTC,145,ff50f9d3-ba34-4600-b2fc-e3442956121a,Zach,Charbonnet,SEA,RB,8b3ee1cc-5646-487a-a7d4-195e1ac59cf3,e84dd89f-888a-4393-a64f-3b83019b8cd5,,12,,The Big Board,20b6d363-f4e6-472a-be06-871d6b3e5a14,10,2000000,223200,,,,,,,,,,
2026-01-30 18:02:07 UTC,68,55670954-1774-4848-9203-c67806037de4,Michael,Wilson,ARI,WR,e0b467d9-730f-4d0e-9d35-0158db14de20,c1033cdf-f029-43b6-b8ab-bbf1f1d130f3,,12,,The Little Board,bd240943-36bf-459c-9c89-7d70301a50ac,3,500000,189000,,,,,,,,,,
2026-01-30 18:17:47 UTC,164,af9d15c0-f214-4bdd-9127-78092bf6ed93,Sean,Tucker,TB,RB,e0b467d9-730f-4d0e-9d35-0158db14de20,c1033cdf-f029-43b6-b8ab-bbf1f1d130f3,,12,,The Little Board,bd240943-36bf-459c-9c89-7d70301a50ac,3,500000,189000,,,,,,,,,,
2026-03-19 00:30:23 UTC,25,56ab84f4-dac6-4b52-bb6c-12936332254d,Nico,Collins,HOU,WR,8b3ee1cc-5646-487a-a7d4-195e1ac59cf3,e84dd89f-888a-4393-a64f-3b83019b8cd5,,12,,The Big Board,20b6d363-f4e6-472a-be06-871d6b3e5a14,10,2000000,223200,,,,,,,,,,
2026-03-09 16:50:47 UTC,3,b01bb761-f415-43c6-9e28-ba81d9e75025,Bijan,Robinson,ATL,RB,2b8f6727-217c-42e2-8fb4-9bdcf77d2db6,c8e065c9-083e-4b90-8c96-fe3333697644,,12,,The Little Board,bd240943-36bf-459c-9c89-7d70301a50ac,3,500000,189000,,,,,,,,,,
2026-03-12 17:51:11 UTC,90,679c05b5-1aa5-452d-853e-ec868e43e0f8,Kyle,Monangai,CHI,RB,b7317ea3-957a-4f34-8897-90c59a3a35f3,a79c3111-74b3-4f65-a182-923b718cbabb,,12,,The Little Board,bd240943-36bf-459c-9c89-7d70301a50ac,3,500000,189000,,,,,,,,,,
2026-02-11 03:53:16 UTC,217,86689076-b3cd-4631-9843-6f8c377741f9,Eric,McAlister,,WR,c00dcd3a-975b-4fca-81fb-74c6d7071add,3ec15792-a5bf-48db-9d68-2502f0fda271,,12,,The Big Board,20b6d363-f4e6-472a-be06-871d6b3e5a14,10,2000000,223200,,,,,,,,,,
2026-01-30 18:25:35 UTC,212,75f67e73-dde0-4688-a8a3-3156e3a618ad,Jake,Tonges,SF,TE,e0b467d9-730f-4d0e-9d35-0158db14de20,c1033cdf-f029-43b6-b8ab-bbf1f1d130f3,,12,,The Little Board,bd240943-36bf-459c-9c89-7d70301a50ac,3,500000,189000,,,,,,,,,,
2026-03-01 16:13:14 UTC,186,dd6719eb-1465-4a8c-82ad-4ed1b19468c8,Jacoby,Brissett,ARI,QB,371f173a-8add-44fc-8c56-0cbf5738c83f,3adee8e2-1269-4eb0-a387-75b8d3d9567f,,12,,The Little Board,bd240943-36bf-459c-9c89-7d70301a50ac,3,500000,189000,,,,,,,,,,
2026-03-01 15:56:12 UTC,66,afb04f45-45eb-4105-846b-2c0067fc25af,Marvin,Harrison,ARI,WR,371f173a-8add-44fc-8c56-0cbf5738c83f,3adee8e2-1269-4eb0-a387-75b8d3d9567f,,12,,The Little Board,bd240943-36bf-459c-9c89-7d70301a50ac,3,500000,189000,,,,,,,,,,
2026-01-30 17:54:19 UTC,20,b7c774ea-6453-4fed-8770-0d8f95cff419,Derrick,Henry,BAL,RB,e0b467d9-730f-4d0e-9d35-0158db14de20,c1033cdf-f029-43b6-b8ab-bbf1f1d130f3,,12,,The Little Board,bd240943-36bf-459c-9c89-7d70301a50ac,3,500000,189000,,,,,,,,,,
2026-03-12 18:10:37 UTC,210,464c09a2-80a0-4712-8950-ed00e93f22a8,Elic,Ayomanor,TEN,WR,b7317ea3-957a-4f34-8897-90c59a3a35f3,a79c3111-74b3-4f65-a182-923b718cbabb,,12,,The Little Board,bd240943-36bf-459c-9c89-7d70301a50ac,3,500000,189000,,,,,,,,,,
2026-03-01 16:15:03 UTC,199,f664cfe3-c377-4cc9-89b4-8cc2938ea033,Ollie,Gordon,MIA,RB,371f173a-8add-44fc-8c56-0cbf5738c83f,3adee8e2-1269-4eb0-a387-75b8d3d9567f,,12,,The Little Board,bd240943-36bf-459c-9c89-7d70301a50ac,3,500000,189000,,,,,,,,,,
2026-02-28 21:36:15 UTC,218,f367bc00-12bb-4b39-bb7b-c23266d8fbad,Darnell,Washington,PIT,TE,e9db9787-0327-40e7-9ae4-156c08c7376c,d5389839-90c7-442d-ad91-603b26fa55b0,,12,,The Big Board,20b6d363-f4e6-472a-be06-871d6b3e5a14,10,2000000,223200,,,,,,,,,,
2026-03-01 15:51:24 UTC,31,3059d122-5f7d-4cd6-bb6b-9aa1b0d70807,Tetairoa,McMillan,CAR,WR,371f173a-8add-44fc-8c56-0cbf5738c83f,3adee8e2-1269-4eb0-a387-75b8d3d9567f,,12,,The Little Board,bd240943-36bf-459c-9c89-7d70301a50ac,3,500000,189000,,,,,,,,,,
2026-01-30 18:07:22 UTC,101,07471e05-eedf-4a9c-971c-493287276406,Wan'Dale,Robinson,TEN,WR,e0b467d9-730f-4d0e-9d35-0158db14de20,c1033cdf-f029-43b6-b8ab-bbf1f1d130f3,,12,,The Little Board,bd240943-36bf-459c-9c89-7d70301a50ac,3,500000,189000,,,,,,,,,,
2026-03-08 21:22:26 UTC,240,f664cfe3-c377-4cc9-89b4-8cc2938ea033,Ollie,Gordon,MIA,RB,33146654-070e-4d3e-8806-97ef5a6d2064,d3501611-1cce-47dc-ae9a-1a1c20291853,,12,,The Little Board,bd240943-36bf-459c-9c89-7d70301a50ac,3,500000,189000,,,,,,,,,,
2026-03-19 00:58:01 UTC,216,03d512e1-4b72-4de1-8285-4350f37c9f63,Tua,Tagovailoa,ATL,QB,8b3ee1cc-5646-487a-a7d4-195e1ac59cf3,e84dd89f-888a-4393-a64f-3b83019b8cd5,,12,,The Big Board,20b6d363-f4e6-472a-be06-871d6b3e5a14,10,2000000,223200,,,,,,,,,,
2026-01-30 18:22:57 UTC,197,e1d1b6a6-bdb6-4b4b-85e0-5e2e13f522c3,Keaton,Mitchell,LAC,RB,e0b467d9-730f-4d0e-9d35-0158db14de20,c1033cdf-f029-43b6-b8ab-bbf1f1d130f3,,12,,The Little Board,bd240943-36bf-459c-9c89-7d70301a50ac,3,500000,189000,,,,,,,,,,
2026-01-30 18:06:05 UTC,92,f862802a-77a6-4ed7-b299-fd7dd82b5116,Jadarian,Price,,RB,e0b467d9-730f-4d0e-9d35-0158db14de20,c1033cdf-f029-43b6-b8ab-bbf1f1d130f3,,12,,The Little Board,bd240943-36bf-459c-9c89-7d70301a50ac,3,500000,189000,,,,,,,,,,
2026-03-19 00:33:27 UTC,48,da4cd799-901c-4092-afb1-ca44f9fe83e3,Cam,Skattebo,NYG,RB,8b3ee1cc-5646-487a-a7d4-195e1ac59cf3,e84dd89f-888a-4393-a64f-3b83019b8cd5,,12,,The Big Board,20b6d363-f4e6-472a-be06-871d6b3e5a14,10,2000000,223200,,,,,,,,,,
2026-03-01 15:54:51 UTC,55,26f1fdd1-e3b3-4305-a40a-8e0ffab41fee,Luther,Burden,CHI,WR,371f173a-8add-44fc-8c56-0cbf5738c83f,3adee8e2-1269-4eb0-a387-75b8d3d9567f,,12,,The Little Board,bd240943-36bf-459c-9c89-7d70301a50ac,3,500000,189000,,,,,,,,,,
2026-03-01 15:13:13 UTC,169,fc569b39-da9b-4491-88a8-888f94ac25e0,Isaiah,Likely,NYG,TE,33146654-070e-4d3e-8806-97ef5a6d2064,d3501611-1cce-47dc-ae9a-1a1c20291853,,12,,The Little Board,bd240943-36bf-459c-9c89-7d70301a50ac,3,500000,189000,,,,,,,,,,
2026-02-19 00:33:53 UTC,202,d84bc886-2afe-4653-ae09-9c51f182c3f1,Ryan,Flournoy,DAL,WR,d53c8477-9da5-4ce1-be6f-0eff8db19e08,d5c2f35a-5fda-4493-8a30-ea1b544a00eb,,12,,The Big Board,20b6d363-f4e6-472a-be06-871d6b3e5a14,10,2000000,223200,,,,,,,,,,
2026-03-10 01:38:13 UTC,81,887722ae-dbfb-4fd4-90b1-e62066f3c81f,Jakobi,Meyers,JAX,WR,61252b5d-ed8d-48c3-8584-8fae104c7fb1,5c837c17-48d8-457c-8f03-7b464520738a,,12,,The Big Board,20b6d363-f4e6-472a-be06-871d6b3e5a14,10,2000000,223200,,,,,,,,,,
2026-03-12 17:42:54 UTC,42,1e0284ba-b164-417e-88d9-0aa35f400ed6,DeVonta,Smith,PHI,WR,b7317ea3-957a-4f34-8897-90c59a3a35f3,a79c3111-74b3-4f65-a182-923b718cbabb,,12,,The Little Board,bd240943-36bf-459c-9c89-7d70301a50ac,3,500000,189000,,,,,,,,,,
2026-02-28 21:32:47 UTC,191,0b9c1118-7fc7-40c6-acbf-fa868c438eda,Tory,Horton,SEA,WR,e9db9787-0327-40e7-9ae4-156c08c7376c,d5389839-90c7-442d-ad91-603b26fa55b0,,12,,The Big Board,20b6d363-f4e6-472a-be06-871d6b3e5a14,10,2000000,223200,,,,,,,,,,
2026-03-01 16:10:08 UTC,162,af9d15c0-f214-4bdd-9127-78092bf6ed93,Sean,Tucker,TB,RB,371f173a-8add-44fc-8c56-0cbf5738c83f,3adee8e2-1269-4eb0-a387-75b8d3d9567f,,12,,The Little Board,bd240943-36bf-459c-9c89-7d70301a50ac,3,500000,189000,,,,,,,,,,
2026-02-19 00:38:04 UTC,231,f7ea2f98-7d0c-4b65-a548-0629f5b020df,Tanner,Koziol,,TE,d53c8477-9da5-4ce1-be6f-0eff8db19e08,d5c2f35a-5fda-4493-8a30-ea1b544a00eb,,12,,The Big Board,20b6d363-f4e6-472a-be06-871d6b3e5a14,10,2000000,223200,,,,,,,,,,
2026-03-19 00:43:43 UTC,120,74495a7e-40fd-4779-8599-af4dd40ec864,Brenton,Strange,JAX,TE,8b3ee1cc-5646-487a-a7d4-195e1ac59cf3,e84dd89f-888a-4393-a64f-3b83019b8cd5,,12,,The Big Board,20b6d363-f4e6-472a-be06-871d6b3e5a14,10,2000000,223200,,,,,,,,,,
2026-03-19 00:40:13 UTC,96,62fa37cc-8a68-42e5-abe5-5bddd81891d8,Jayden,Reed,GB,WR,8b3ee1cc-5646-487a-a7d4-195e1ac59cf3,e84dd89f-888a-4393-a64f-3b83019b8cd5,,12,,The Big Board,20b6d363-f4e6-472a-be06-871d6b3e5a14,10,2000000,223200,,,,,,,,,,
2026-03-12 18:01:30 UTC,151,3e1e1a35-66fc-4687-922a-67be708da615,Jonathon,Brooks,CAR,RB,b7317ea3-957a-4f34-8897-90c59a3a35f3,a79c3111-74b3-4f65-a182-923b718cbabb,,12,,The Little Board,bd240943-36bf-459c-9c89-7d70301a50ac,3,500000,189000,,,,,,,,,,
2026-02-19 00:20:13 UTC,111,a9799cdb-e946-427d-8ad6-f2416165c86c,Emmett,Johnson,,RB,d53c8477-9da5-4ce1-be6f-0eff8db19e08,d5c2f35a-5fda-4493-8a30-ea1b544a00eb,,12,,The Big Board,20b6d363-f4e6-472a-be06-871d6b3e5a14,10,2000000,223200,,,,,,,,,,
2026-02-11 03:47:03 UTC,168,ce842e43-c32b-465a-8894-3bda0159e731,Chimere,Dike,TEN,WR,c00dcd3a-975b-4fca-81fb-74c6d7071add,3ec15792-a5bf-48db-9d68-2502f0fda271,,12,,The Big Board,20b6d363-f4e6-472a-be06-871d6b3e5a14,10,2000000,223200,,,,,,,,,,
2026-02-19 00:04:25 UTC,10,ef8f7b19-9e41-456e-889c-04843428131c,De'Von,Achane,MIA,RB,d53c8477-9da5-4ce1-be6f-0eff8db19e08,d5c2f35a-5fda-4493-8a30-ea1b544a00eb,,12,,The Big Board,20b6d363-f4e6-472a-be06-871d6b3e5a14,10,2000000,223200,,,,,,,,,,
2026-03-10 02:04:32 UTC,201,4e8b6a26-f015-4ac3-9614-43d47a520e45,Emanuel,Wilson,SEA,RB,61252b5d-ed8d-48c3-8584-8fae104c7fb1,5c837c17-48d8-457c-8f03-7b464520738a,,12,,The Big Board,20b6d363-f4e6-472a-be06-871d6b3e5a14,10,2000000,223200,,,,,,,,,,
2026-02-19 00:11:34 UTC,58,afb04f45-45eb-4105-846b-2c0067fc25af,Marvin,Harrison,ARI,WR,d53c8477-9da5-4ce1-be6f-0eff8db19e08,d5c2f35a-5fda-4493-8a30-ea1b544a00eb,,12,,The Big Board,20b6d363-f4e6-472a-be06-871d6b3e5a14,10,2000000,223200,,,,,,,,,,
2026-02-19 00:08:37 UTC,39,ecfeab79-505c-42b9-b0db-c0905139f8e1,Zay,Flowers,BAL,WR,d53c8477-9da5-4ce1-be6f-0eff8db19e08,d5c2f35a-5fda-4493-8a30-ea1b544a00eb,,12,,The Big Board,20b6d363-f4e6-472a-be06-871d6b3e5a14,10,2000000,223200,,,,,,,,,,
2026-01-30 17:56:17 UTC,29,73be3f6c-913e-4764-ad06-d67b5a277539,Tee,Higgins,CIN,WR,e0b467d9-730f-4d0e-9d35-0158db14de20,c1033cdf-f029-43b6-b8ab-bbf1f1d130f3,,12,,The Little Board,bd240943-36bf-459c-9c89-7d70301a50ac,3,500000,189000,,,,,,,,,,
2026-02-13 04:09:32 UTC,25,30af81c9-3e2d-4c49-881b-4918b480d7e6,Breece,Hall,NYJ,RB,33146654-070e-4d3e-8806-97ef5a6d2064,d3501611-1cce-47dc-ae9a-1a1c20291853,,12,,The Little Board,bd240943-36bf-459c-9c89-7d70301a50ac,3,500000,189000,,,,,,,,,,
2026-02-28 21:25:59 UTC,143,74495a7e-40fd-4779-8599-af4dd40ec864,Brenton,Strange,JAX,TE,e9db9787-0327-40e7-9ae4-156c08c7376c,d5389839-90c7-442d-ad91-603b26fa55b0,,12,,The Big Board,20b6d363-f4e6-472a-be06-871d6b3e5a14,10,2000000,223200,,,,,,,,,,
2026-03-12 17:36:59 UTC,7,d0ee72eb-4443-41aa-889f-a24475b7db74,Jonathan,Taylor,IND,RB,b7317ea3-957a-4f34-8897-90c59a3a35f3,a79c3111-74b3-4f65-a182-923b718cbabb,,12,,The Little Board,bd240943-36bf-459c-9c89-7d70301a50ac,3,500000,189000,,,,,,,,,,
2026-03-12 17:54:49 UTC,114,b8453ed0-6d82-4474-a108-128336891830,Jalen,Coker,CAR,WR,b7317ea3-957a-4f34-8897-90c59a3a35f3,a79c3111-74b3-4f65-a182-923b718cbabb,,12,,The Little Board,bd240943-36bf-459c-9c89-7d70301a50ac,3,500000,189000,,,,,,,,,,
